INCOMING_FOR_DEPOSIT,SCAN_FOR_RETRIEVAL,SR_BOOKING_UUID
2019-09-01T18:32:52Z,2019-09-07T17:22:57Z,e60a88b9-412e-498a-b27e-b54eb0878b5a
2019-09-01T17:10:26Z,2019-09-11T05:34:25Z,3749d1d9-2916-4c65-9982-eff95302a588
2019-09-01T18:23:07Z,2019-09-06T06:33:39Z,25c924e6-1fc0-4a71-af83-2019d8ee7d8d
2019-09-01T08:41:32Z,2019-09-07T06:25:52Z,7606e6f8-c058-453e-ad1d-a7d8847ff6de
2019-09-01T10:06:40Z,2019-09-05T15:58:25Z,c9a08f5b-e1da-4919-bc75-d0d49452c1e3
2019-09-01T16:13:40Z,2019-09-06T16:54:25Z,a813161c-4cec-4eac-8a94-f9dd0ecefdfb
2019-09-01T12:37:17Z,2019-09-08T17:44:01Z,381d2bc3-9c21-4702-9e72-9d6fa9556932
2019-09-01T10:48:33Z,2019-09-07T16:26:31Z,e29334eb-6029-4a8e-90fc-e8efc2506569
2019-09-01T09:59:32Z,2019-09-08T07:24:53Z,e65e991a-3048-48e3-9844-28a33e818e71
2019-09-01T14:11:42Z,2019-09-07T09:48:24Z,560743de-4580-47cc-a96a-2ef00a420abc
2019-09-01T05:34:39Z,2019-09-07T07:06:29Z,ced93df8-d9ae-4cc3-8868-e57d96e97191
2019-09-01T06:49:06Z,2019-09-06T10:20:03Z,cc11e1e8-36f0-4378-9c2e-da12c280ffe4
2019-09-01T18:55:09Z,2019-09-11T07:03:57Z,cdba0225-5458-4da6-88a3-ce1b6c069085
2019-09-01T16:36:59Z,2019-09-10T15:08:29Z,f4ff1fd8-0dfd-400b-9cc6-580a2c44e8f3
2019-09-01T05:30:21Z,2019-09-13T08:23:49Z,421c5ccb-302a-4404-ac53-5f611629f2ff
2019-09-03T06:57:26Z,2019-09-10T09:56:28Z,0bad68f0-8139-4fdc-b78d-0d9417837915
2019-09-03T15:04:49Z,2019-09-20T06:01:50Z,ea5ef479-93c0-4fbe-bb19-a01f3de2a26e
2019-09-03T22:43:48Z,2019-09-10T08:54:52Z,006e6517-1471-418a-ae77-e239cf95e1eb
2019-09-03T22:23:12Z,2019-09-11T11:07:23Z,3d3a9252-80d9-426d-b073-214eacf8a381
2019-09-03T20:53:24Z,2019-09-08T07:22:57Z,e74c17bf-56b2-4b70-b4c6-064400824f2b
2019-09-03T19:20:14Z,2019-09-11T12:03:29Z,7e206b65-383e-4c2f-9d2c-1d8c233bbeba
2019-09-03T10:00:45Z,2019-09-12T14:35:04Z,e744018a-0ea0-420e-a802-86d2626452e3
2019-09-03T09:39:50Z,2019-09-08T17:53:10Z,003f13df-88cf-4697-b55e-0a9ebf06b7b0
2019-09-03T06:35:11Z,2019-09-10T08:18:59Z,21bb2e03-17c8-44c3-bb3c-32298e9785fd
2019-09-04T07:08:28Z,2019-09-11T18:32:05Z,89178a47-9fdd-4d71-9fcd-c4a70a76d4cf
2019-09-04T08:35:18Z,2019-09-11T13:32:43Z,6e870408-babe-482a-8ceb-91e06a831b1e
2019-09-04T14:27:47Z,2019-09-10T07:07:09Z,0f03b5ca-e47d-442c-ac73-79c06eefacba
2019-09-04T14:29:44Z,2019-09-13T11:52:48Z,3d6b4c0b-b069-40c8-b1f1-c25b9fd5eb87
2019-09-04T07:23:20Z,2019-09-13T23:36:01Z,5bae6567-ad6a-4d5d-acbf-79e21c4f3235
2019-09-04T17:33:47Z,2019-09-12T16:39:17Z,072d6013-f0fb-48dd-b38a-fd0bbaf95853
2019-09-04T17:51:33Z,2019-09-13T22:49:32Z,340178aa-5e57-4388-8eed-fbeb766c88de
2019-09-04T09:46:41Z,2019-09-15T09:22:21Z,8ff67ff4-c421-420b-99d3-5678e7139cf4
2019-09-04T00:23:03Z,2019-09-12T12:01:33Z,ef15b50d-94ba-43f4-98ee-2fa674ede61f
2019-09-04T17:04:48Z,2019-09-15T17:13:27Z,3f7de39c-e127-4423-85e2-980e8ff25a3c
2019-09-05T10:01:53Z,2019-09-12T16:51:56Z,36f4a2d3-8f0b-4c04-8971-288b123f4125
2019-09-05T20:05:25Z,2019-09-13T08:53:41Z,8b42ba0e-84e1-4466-bc00-1192bf8956cd
2019-09-05T19:29:57Z,2019-09-12T19:22:17Z,1ba11ed2-3933-45bc-b10e-6c3b85739505
2019-09-05T06:06:49Z,2019-09-13T07:24:33Z,b2b1b16f-ed46-4118-997a-c6db40201ae3
2019-09-06T07:57:51Z,2019-09-14T09:38:40Z,b0856ba5-d39e-4dc5-8f5f-6484ed9aa961
2019-09-06T15:28:20Z,2019-09-15T20:26:40Z,269fd897-0a4c-45ba-a621-bdbbccf75285
2019-09-06T07:41:37Z,2019-09-15T18:57:16Z,93ac89dc-d9b3-4cb1-b902-c43e89e7d67b
2019-09-06T12:07:03Z,2019-10-06T17:45:19Z,40dc2f75-fa42-4e05-879a-410bb075b58b
2019-09-06T20:17:14Z,2019-09-19T17:29:35Z,32c1be7b-8b0f-4d2b-9b1b-5dcaabf7c822
2019-09-06T17:08:02Z,2019-09-14T05:16:59Z,84b27317-58f2-4c4c-9a8a-1467ac454373
2019-09-06T10:35:48Z,2019-09-14T06:47:01Z,45704f33-25a7-45ea-bee9-94c162c6d4bf
2019-09-06T05:21:43Z,2019-09-10T17:23:23Z,9496d3ee-86da-4f09-ab4c-eb1f3b2d8707
2019-09-06T06:18:19Z,2019-09-14T05:06:36Z,36a071d0-7ae2-4b36-9fb6-c04cb8b24947
2019-09-06T07:31:28Z,2019-09-14T04:21:19Z,c0f8f2bf-2fcb-4453-8355-fe5c34a15a87
2019-09-07T07:22:46Z,2019-09-17T10:19:39Z,72cbea4a-4a03-4e2d-b2a7-5bad5142b2d3
2019-09-07T21:42:26Z,2019-09-15T22:53:20Z,d6b822c3-7ce0-4d0a-8109-eea15024e9ec
2019-09-07T11:51:46Z,2019-09-18T17:39:03Z,62018164-d630-48d5-9a46-93b42cbb090c
2019-09-07T20:44:46Z,2019-09-18T07:13:47Z,08a77780-0d17-469c-9ca1-de4bea3fe4ad
2019-09-07T06:57:28Z,2019-09-17T14:42:37Z,8202f0a1-b1df-4b7c-946b-762b0ef97f68
2019-09-07T16:28:48Z,2019-09-15T09:06:55Z,736f1ab0-8235-45f9-851d-0d7c16744d07
2019-09-07T17:21:33Z,2019-09-15T04:36:34Z,9a9ca865-2db6-4e33-ad6c-03fec05e6278
2019-09-07T07:25:39Z,2019-09-18T06:37:03Z,e2b9bba4-93c3-4989-8da6-6a2abdd44219
2019-09-08T06:50:43Z,2019-10-06T17:34:22Z,18ddb564-547a-49c2-ab16-ebfdfe0ef3ab
2019-09-08T05:33:41Z,2019-09-17T06:31:58Z,a776cdc3-fac6-47db-8af7-a56c6428af12
2019-09-08T16:36:45Z,2019-09-17T06:52:10Z,bc391b50-479b-481a-b75c-24359fb4ff84
2019-09-08T17:06:55Z,2019-09-20T10:37:47Z,d09d9c77-a62f-4a05-a50a-d9cf42f17097
2019-09-08T06:28:18Z,2019-09-18T17:44:26Z,7de68580-9e5b-41dc-b41b-31d623c81ca3
2019-09-08T17:46:48Z,2019-09-18T08:55:00Z,35d52ed0-e5bd-4f82-a404-21021e0600bb
2019-09-10T07:33:40Z,2019-09-20T23:45:47Z,5169cd51-0350-4661-a237-ffaace6b9868
2019-09-10T06:44:09Z,2019-09-20T07:53:07Z,582ef3b2-4bb7-4cc3-9aa4-168d76767148
2019-09-10T18:25:25Z,2019-09-19T20:12:47Z,dd2ad3d3-ed6e-4d4e-9e7f-8416744bef51
2019-09-10T19:19:21Z,2019-09-26T16:55:24Z,2118f26f-e68d-4e41-8ecc-a8890054c587
2019-09-11T21:17:57Z,2019-09-20T17:27:28Z,f687f526-d86c-4972-8332-364a9e55e1b1
2019-09-11T20:58:36Z,2019-09-19T06:47:03Z,e08fa6a5-9856-427e-a433-4c462c38df97
2019-09-11T15:17:07Z,2019-09-18T13:51:48Z,74fb38b2-6fa1-4358-991b-db08290dd52a
2019-09-11T13:51:07Z,2019-09-24T06:05:51Z,ff9ad788-05e1-4e3a-bc1a-45b9232f0e07
2019-09-11T19:42:15Z,2019-09-18T15:09:15Z,bd287ea2-ee1f-4702-a9f5-8e0a53244be3
2019-09-11T19:24:49Z,2019-09-19T08:38:09Z,e9f0ae68-8e43-415a-a226-3af98bbe4ad4
2019-09-11T16:49:15Z,2019-09-19T18:40:38Z,76a01467-3dd7-420e-b4b0-6d4af83c315a
2019-09-11T17:49:37Z,2019-09-29T06:24:44Z,e9629450-256c-4396-9835-273a4410b298
2019-09-11T18:33:39Z,2019-09-19T05:29:06Z,b80a6cce-2ccc-4132-bb88-3189d06d21a9
2019-09-12T18:31:13Z,2019-09-21T18:31:43Z,e9f17170-7ac8-4409-ae03-73fe740cc467
2019-09-12T08:39:19Z,2019-09-22T10:12:43Z,ee85938b-c349-43ec-a2c4-9abd34b0a510
2019-09-12T05:55:27Z,2019-09-21T15:17:06Z,d12cd5c0-a2b5-4093-8ca6-ddf34c27be9d
2019-09-12T07:32:34Z,2019-09-22T10:25:11Z,c5ab7c1d-f965-49e4-a60a-1adf09beef1d
2019-09-12T17:52:32Z,2019-09-19T10:28:47Z,0818986a-95c6-45bf-b3ee-61351eb5884f
2019-09-12T15:29:33Z,2019-09-22T12:13:00Z,1a4c2623-f218-4c94-98c0-3f48d975aeed
2019-09-12T09:09:39Z,2019-09-19T13:50:46Z,a3456307-ba7f-49af-90d8-7c256c5b0030
2019-09-12T16:36:28Z,2019-09-21T10:21:49Z,7ef25e82-4356-4c3f-8a8f-d36c430acaa8
2019-09-12T00:10:35Z,2019-09-21T06:04:36Z,b597e885-8f63-49b1-bba1-d40ebd27f0f7
2019-09-13T15:33:41Z,2019-09-19T16:50:19Z,8e7e1e6d-f52b-42b0-b426-6e177496658f
2019-09-13T17:10:08Z,2019-09-21T19:03:06Z,1a0b61f4-2bee-4a6b-9c46-2f9ce4d1ac5c
2019-09-13T14:05:16Z,2019-09-22T19:34:01Z,4854f968-c5e9-45d2-ad2a-e63cd8950311
2019-09-13T09:32:16Z,2019-10-03T20:07:05Z,c3c59131-f376-4b4b-9b1d-5104f1a5a746
2019-09-13T17:57:53Z,2019-09-26T05:39:07Z,bd7acfc8-3fb7-48a5-83e1-0fb497765612
2019-09-13T10:08:13Z,2019-09-24T09:56:32Z,be2ac563-a1dc-4432-b6e4-c615bbcf7a54
2019-09-13T07:57:56Z,2019-10-01T17:20:19Z,6578ba6b-7b2c-4793-b049-4b75ccd091ce
2019-09-13T08:51:35Z,2019-10-02T14:12:09Z,2daed5a2-2dc1-467e-a0d5-9a9bc1a3a926
2019-09-14T16:05:37Z,2019-09-24T08:22:01Z,b3287b28-42e0-4078-ad5f-923b8da27f21
2019-09-14T11:48:39Z,2019-09-24T08:28:20Z,681cc222-0736-4bf3-82c1-ee01842ddc3c
2019-09-14T06:47:30Z,2019-09-25T07:45:09Z,0b5e8e64-111b-4e02-b692-7fcac8716efe
2019-09-14T07:54:52Z,2019-10-06T09:32:59Z,4fd398b7-2b19-402a-9e8d-7ade1df5d1be
2019-09-14T08:20:37Z,2019-10-11T09:27:11Z,265d5366-79e0-40cc-9e3e-85f1126e5f5a
2019-09-14T06:02:25Z,2019-09-24T00:24:18Z,13b4054d-8f87-492c-9df3-cdd17b484be8
2019-09-14T19:41:41Z,2019-10-11T11:29:54Z,f4f0f48a-ff56-4dce-a168-d5694bc55a59
2019-09-14T22:10:25Z,2019-09-25T05:46:56Z,fe35c905-6208-41d6-a8a0-6303f371a0a5
2019-09-15T18:04:53Z,2019-09-25T08:53:04Z,3eecf644-20dc-4a2e-8fb1-4f98461ad0ab
2019-09-15T17:41:47Z,2019-09-24T18:05:19Z,3b59d143-ed73-482f-a576-d24e6b82a0d0
2019-09-15T14:44:04Z,2019-09-24T09:43:10Z,c427427a-126c-4a68-b987-bffd48beb43c
2019-09-15T13:11:15Z,2019-09-25T18:10:49Z,bc73862e-e0fe-4b53-bdf9-50e0ce897581
2019-09-15T18:41:59Z,2019-09-24T07:44:42Z,8179706d-0571-417e-a750-63a4dfe7eb37
2019-09-17T08:45:07Z,2019-09-25T04:24:46Z,a4de2854-e077-4654-93ea-ef77cad6a29c
2019-09-17T08:32:45Z,2019-10-03T07:03:01Z,aaabf32f-3737-4e19-8055-4073105751d8
2019-09-17T12:17:30Z,2019-09-26T06:27:32Z,065b87d5-bdb4-48ff-88a0-055675c7eb07
2019-09-17T18:16:25Z,2019-09-25T17:10:10Z,c90000be-0272-4e17-b77e-4e556f6529c6
2019-09-18T17:51:02Z,2019-09-28T17:07:36Z,58d566d0-6295-48ca-bd18-c3c333d2fb1b
2019-09-18T07:50:40Z,2019-09-26T07:18:42Z,051ad222-1b2f-4945-88ba-4c26e069c998
2019-09-18T06:48:13Z,2019-09-29T18:22:18Z,3f435d4e-2642-4f4d-9bd3-e936ae794bf4
2019-09-18T08:51:26Z,2019-09-28T07:35:57Z,7e91da43-1cef-47b0-8de9-19da8b008a49
2019-09-18T16:04:11Z,2019-10-15T14:55:49Z,32bc6ec9-a78d-49d8-91a8-f342d0745ad2
2019-09-18T06:46:57Z,2019-09-25T17:51:47Z,fcfb91b8-bcdd-465d-a0a2-25604219c717
2019-09-18T06:51:19Z,2019-09-26T10:39:03Z,68b0f6c3-84d0-4969-80a5-74bfee2ff3ff
2019-09-19T09:37:28Z,2019-09-26T17:53:51Z,de4790ea-789c-470c-9306-6466654c75b5
2019-09-19T07:15:34Z,2019-09-28T17:29:48Z,3083e739-555a-414e-a03d-05b2a3955fbf
2019-09-19T20:53:02Z,2019-09-26T16:53:50Z,a5cffb37-a58c-4ae3-8a79-8a3f541a9993
2019-09-19T00:53:20Z,2019-09-29T18:38:54Z,4b1a10e0-187b-478d-a7b3-abcd05746e22
2019-09-19T08:44:11Z,2019-09-28T07:44:16Z,8af548eb-4b32-4b09-b489-870294c1984c
2019-09-19T06:47:18Z,2019-09-25T07:26:10Z,56427451-3a8e-4dd2-b163-62e62b1c5559
2019-09-20T06:16:44Z,2019-09-26T04:32:55Z,18264795-9e12-4aa4-9a1c-ca161c2aa2e7
2019-09-20T10:59:19Z,2019-10-03T08:28:33Z,0e97cbc1-35af-42ae-a87e-ac53534c438a
2019-09-20T16:34:27Z,2019-10-01T18:22:35Z,84629b74-caba-4706-a098-413bd4d63aca
2019-09-20T19:05:56Z,2019-09-27T08:38:29Z,9e2171b3-00d1-4407-b061-c15d82622667
2019-09-20T07:57:45Z,2019-09-28T15:31:30Z,7240796c-f418-4130-83cb-755b000a6ca9
2019-09-20T16:57:53Z,2019-09-28T18:32:52Z,d56a3837-4427-42c6-8874-c25f4e3858de
2019-09-20T18:25:24Z,2019-09-27T06:01:18Z,d4d7f0b7-06d4-4e51-9210-92dce912c749
2019-09-20T18:57:37Z,2019-09-25T15:57:29Z,f72c1f92-2006-4808-bb9a-e746f76c785b
2019-09-20T10:30:10Z,2019-09-27T06:42:46Z,aff236f2-900e-496a-ade0-a4becbdfadcc
2019-09-20T07:58:44Z,2019-09-27T11:12:56Z,e92cb8b3-9fd1-462d-bbe6-5d19835e30cb
2019-09-21T07:39:05Z,2019-09-27T18:02:29Z,7d4fd370-9393-4927-959b-54d596214d11
2019-09-21T05:31:28Z,2019-10-03T17:55:11Z,581816b1-e67f-4ac0-bebb-a8e18032764e
2019-09-21T07:54:06Z,2019-10-01T07:01:21Z,0b773241-7628-46a8-9f80-6ea1eecea6ee
2019-09-21T08:48:45Z,2019-09-29T18:56:43Z,039c0446-ab65-41a4-9ece-271be2d9e126
2019-09-21T07:17:06Z,2019-10-02T04:34:25Z,8bcd26c1-07a4-4cab-ace8-3f5b62a2014d
2019-09-21T20:36:49Z,2019-10-01T09:10:56Z,7afc1f00-d79c-4909-ba56-02ed76899f28
2019-09-21T18:25:32Z,2019-10-02T18:15:52Z,931419b9-c3b0-4b11-83ff-db311a1a3a64
2019-09-21T18:03:51Z,2019-10-01T08:28:29Z,9a305b44-c16b-4332-8cb7-5ad55d2fbdf1
2019-09-21T21:52:03Z,2019-10-02T18:31:38Z,c06f317b-949d-4b68-9c4f-0b59d7d4b882
2019-09-22T19:17:33Z,2019-10-03T07:17:37Z,d2387c22-181a-4faa-a103-09342485e419
2019-09-22T15:20:18Z,2019-10-03T06:55:26Z,54e6ed08-38aa-4951-a9c0-a92a833dcdd3
2019-09-22T23:33:43Z,2019-10-05T10:56:48Z,4f74d13c-e7bb-494a-bb56-ec472ad8a48e
2019-09-22T07:53:42Z,2019-10-03T07:18:31Z,1f5002ae-7a8e-47d2-9969-c25c1fba3f2b
2019-09-22T17:54:28Z,2019-10-05T09:33:45Z,eadbdc44-151f-4795-8461-c614326c5aeb
2019-09-22T15:05:35Z,2019-10-03T11:09:34Z,29c8776c-23a7-4664-91c4-c446f2d3507d
2019-09-24T07:47:15Z,2019-10-03T04:12:54Z,7bfb9132-2143-4b35-a5c5-29d5a4e043ea
2019-09-24T08:02:47Z,2019-10-03T18:34:27Z,fc185826-c935-42b9-91e2-7fbd2975de66
2019-09-24T07:08:15Z,2019-10-06T09:05:51Z,70bdb12f-1423-4fcc-a0fd-befe4351700b
2019-09-24T06:42:38Z,2019-10-04T17:32:55Z,a08e834e-c534-4682-9c03-f32a185a3cae
2019-09-25T11:14:07Z,2019-10-04T08:32:40Z,4aed2211-1d27-4999-81ea-e19c98d9e718
2019-09-25T18:09:50Z,2019-10-04T17:56:20Z,9c5db709-1200-4691-a7f5-909a8a863ab0
2019-09-25T10:59:19Z,2019-10-05T15:06:18Z,78a1cf0e-4808-46ee-9a3f-3f370c95c8cb
2019-09-25T07:18:26Z,2019-10-04T09:24:04Z,b9b4cf99-e713-4f68-89ac-9bcc884904b2
2019-09-26T07:08:52Z,2019-10-05T18:45:56Z,a3efc481-2611-4efd-8da1-0f487161ec12
2019-09-26T17:44:11Z,2019-10-06T18:22:48Z,9ccea735-35c8-409e-935d-539eac3de51c
2019-09-26T08:29:55Z,2019-10-05T15:44:32Z,59d490d5-054e-49fd-b847-4b6b3fb318ef
2019-09-26T06:45:24Z,2019-10-05T13:21:46Z,faeba9e6-cb57-4353-98aa-d523a691fd13
2019-09-26T20:48:42Z,2019-10-11T06:39:41Z,4f79a21a-21c2-4802-8bd7-575e8f805e90
2019-09-26T09:41:00Z,2019-10-22T06:06:10Z,3cd29e8b-af9b-4011-848a-bd7f9d4fcfed
2019-09-27T18:59:43Z,2019-10-17T20:54:14Z,590765f1-3a8c-4364-a324-14db002222e5
2019-09-27T23:35:45Z,2019-10-09T18:28:29Z,c193e721-f37b-4cbd-9eca-b1ff76488927
2019-09-27T07:44:39Z,2019-10-08T16:43:11Z,ba646c36-36c3-42b5-99dd-ae3aba5a7a5e
2019-09-27T05:51:48Z,2019-10-08T05:12:51Z,ce1e4ee0-2e58-4b1f-b6da-60524fbc7d37
2019-09-27T18:14:47Z,2019-10-08T07:33:17Z,f4ebde68-42cc-4094-8091-cbe46253a51f
2019-09-27T07:23:56Z,2019-10-08T17:46:24Z,7149453d-c2e8-40a7-9dae-e2e429c00f23
2019-09-27T08:22:55Z,2019-10-09T07:01:33Z,ca056185-12c0-4f96-bd79-01f7f7a3a7f8
2019-09-27T05:42:50Z,2019-10-10T17:24:52Z,aff9fb61-0798-49c2-8e78-3d1c8f8b50b0
2019-09-27T18:14:22Z,2019-10-25T07:56:15Z,aaefa882-3cfa-4479-9fdd-00d82ebfd1f5
2019-09-27T08:45:22Z,2019-10-09T07:09:49Z,7ec2d5c4-a65e-443a-a114-2b5a33a144aa
2019-09-28T16:07:18Z,2019-10-10T09:35:25Z,0099e7c1-d40b-4f97-a5a9-0924f29684fd
2019-09-28T08:39:25Z,2019-10-19T19:29:19Z,d2f03eca-e6e9-4334-8754-ec78e550f64b
2019-09-28T07:26:35Z,2019-10-09T16:09:31Z,c797c089-dac7-4476-8809-83ca1fc95c2f
2019-09-28T17:24:07Z,2019-10-08T18:53:02Z,596234a2-86c8-43ad-98d2-101630697a20
2019-09-28T07:17:47Z,2019-10-09T17:02:44Z,cc2d0169-87fc-4384-8ad4-324129e9ea65
2019-09-28T16:45:06Z,2019-10-08T11:04:39Z,b4eb7db5-c6aa-433a-95a0-81c71f00bfe5
2019-09-28T08:42:16Z,2019-10-08T00:24:49Z,a8ce4cf5-8051-4a79-a606-7a09249fe39b
2019-09-29T10:10:52Z,2019-10-08T18:25:08Z,4ceb400c-7823-44d4-8340-5cea94763364
2019-09-29T09:44:46Z,2019-10-08T16:00:02Z,163ff5ef-6902-4428-851e-9ec0576f454d
2019-09-29T17:03:06Z,2019-10-15T14:40:41Z,0babc144-0e3c-4930-a20a-d72238a5a49d
2019-09-29T07:20:01Z,2019-10-11T07:13:15Z,f82caa4f-2c95-4266-baaa-db2fbf8da090
2019-09-29T15:32:17Z,2019-10-09T08:04:07Z,7bd1bb28-5f8a-4576-a3d7-00cbdb711207
2019-09-29T05:47:35Z,2019-10-10T18:46:14Z,98c5e8ee-ad75-4b69-9984-d31a5f9e0a7d
2019-09-29T20:26:40Z,2019-10-16T11:22:06Z,648e8074-ff0b-49e6-a471-88cfd690c076
2019-09-29T06:11:57Z,2019-10-11T07:17:10Z,54f92afa-a1b3-4240-b4a3-2496373d104a
2019-10-01T07:04:01Z,2019-10-09T06:57:28Z,18fe2adf-562c-4659-84be-ea52bb4c7596
2019-10-01T09:58:52Z,2019-10-10T19:03:56Z,10df72a9-6a8b-4c87-8dda-24223f37c4f2
2019-10-01T17:40:32Z,2019-10-11T05:00:41Z,d037316b-1215-4d9f-aa04-367c600fdbdc
2019-10-01T07:46:57Z,2019-10-11T16:15:58Z,da19676c-bd91-4942-ae50-c5e035eedd4a
2019-10-01T07:39:22Z,2019-10-09T05:46:06Z,217f5462-c3d4-4ede-bdd4-cac7710eca59
2019-10-01T19:36:49Z,2019-10-11T16:14:39Z,45f16ffb-eb8b-467c-ab2e-e43556975ce4
2019-10-01T08:37:29Z,2019-10-10T13:42:52Z,70dfb33e-cc75-4730-83a7-087735b5288d
2019-10-01T18:15:01Z,2019-10-10T23:13:51Z,8197cd4a-5f5e-4358-9170-45926b376efc
2019-10-01T11:59:54Z,2019-10-11T18:41:05Z,ef47c12b-611e-4e8c-8875-a6fff9c41002
2019-10-01T06:03:41Z,2019-10-11T08:47:58Z,22485451-0b93-4b5b-a5d9-8a551cb5e659
2019-10-02T18:54:36Z,2019-10-17T23:12:56Z,53287c61-f23f-40b7-80c7-b426d722c314
2019-10-02T15:46:06Z,2019-10-12T20:33:58Z,83608bd8-afd4-4ca8-8a8b-1821ebf87e2d
2019-10-02T07:36:06Z,2019-10-13T08:16:15Z,d6295cdc-bc9f-464f-a87b-a19a9b601df8
2019-10-02T18:15:46Z,2019-10-12T14:26:23Z,dde71aad-0798-45e5-b891-478e5cc82dff
2019-10-03T17:06:55Z,2019-10-13T16:14:45Z,8f287399-bad9-4054-a317-dae4322ab9ff
2019-10-03T08:18:35Z,2019-10-13T20:12:24Z,2ed65f09-bd51-4a6e-933e-9e7a67abfbfe
2019-10-03T18:05:17Z,2019-10-19T08:42:24Z,2fb44ff6-e8ae-46b4-b8a6-775f171d0f0c
2019-10-03T17:09:52Z,2019-11-02T09:02:07Z,87491aeb-883e-4d84-a57c-77f5dbbd409e
2019-10-03T05:42:34Z,2019-10-12T23:03:20Z,adb58d1e-31d5-499f-99ad-f38391088574
2019-10-04T22:33:14Z,2019-10-13T18:02:44Z,e4a02938-da33-4ea1-9df7-83b3c2f7618c
2019-10-04T07:32:52Z,2019-10-12T19:53:22Z,36b3d790-fb74-4d24-a9e3-20adf92ebf24
2019-10-04T17:33:00Z,2019-10-13T16:37:59Z,c968d4b8-127d-4028-9ae2-c1a938e4b10c
2019-10-04T06:06:52Z,2019-10-31T07:38:55Z,63e88f61-44d5-4069-9c62-1e85609f816c
2019-10-04T11:27:47Z,2019-10-15T07:03:56Z,a2a39707-c2fd-4af0-b763-d3949c93ccdb
2019-10-04T06:14:30Z,2019-10-15T07:08:36Z,0db37ca1-7cdd-4755-a450-a98c9b4e1b70
2019-10-05T11:53:11Z,2019-10-13T16:08:56Z,6f3a9eab-7e33-44a4-8bfe-47b6045cd6bc
2019-10-05T16:32:01Z,2019-10-20T00:52:09Z,fd9d6192-005e-43e7-b6f6-0b34d70fc1a6
2019-10-05T16:39:18Z,2019-10-18T07:25:47Z,20091422-0370-4dfe-8a92-636e1e84600c
2019-10-05T06:12:00Z,2019-10-16T07:49:14Z,f72b774d-76a0-4dd9-a2ab-f6ee5afcb7ee
2019-10-05T06:18:10Z,2019-10-29T06:39:39Z,5775ef40-ad3b-45cf-8abf-1f6c15f6b051
2019-10-06T07:22:46Z,2019-10-16T15:24:34Z,ad9937cf-2dfc-4d4c-92de-a580e6247cbb
2019-10-06T10:56:43Z,2019-10-16T07:05:33Z,a651daa6-dbcc-492b-ba1f-d1330b1b91a4
2019-10-06T07:16:03Z,2019-10-17T17:46:25Z,faf9c685-5e92-4bcf-8b8a-26207847b606
2019-10-06T15:49:55Z,2019-10-16T05:51:00Z,47f1ef3d-77f8-4d90-af0e-98731d1c055c
2019-10-06T06:10:46Z,2019-10-15T20:38:30Z,2c6cba91-9001-4ca3-858c-e409fb2b4049
2019-10-06T12:36:48Z,2019-10-25T07:34:46Z,5ed9efcf-93c8-4c40-866d-c3d626843249
2019-10-06T06:19:48Z,2019-10-15T05:31:41Z,c9d9af4f-bb3e-43b4-bb7a-402b2315778c
2019-10-06T07:27:56Z,2019-10-17T06:03:09Z,8fc3670a-a896-4ed7-a4bf-edf1623bad28
2019-10-06T08:03:08Z,2019-10-30T09:12:36Z,3bd69028-3d50-4842-bd80-984aedfd233d
2019-10-06T13:41:12Z,2019-10-18T16:21:17Z,9228622d-8a5a-455c-91ec-38547608c2b4
2019-10-08T07:57:44Z,2019-10-18T14:17:04Z,152bec70-379f-4dcf-b681-d99e38331c19
2019-10-08T10:51:27Z,2019-10-20T05:40:16Z,0f051b59-4975-41ae-b39b-b5c555e2cdc2
2019-10-08T08:44:06Z,2019-10-18T08:56:01Z,75ab8f3f-2213-431e-af7f-7c7ce53d04b4
2019-10-08T07:06:37Z,2019-10-18T16:56:34Z,63c490ca-b02d-433e-8602-5122303b0dd2
2019-10-09T18:29:37Z,2019-10-19T11:40:31Z,3511d7c7-21ea-4798-94dd-5437a879c986
2019-10-09T06:13:33Z,2019-10-19T17:56:11Z,7f191502-8955-46c0-9064-5d2a21ec3e7a
2019-10-09T17:43:30Z,2019-10-20T05:40:36Z,4cc2edae-985e-4191-a98a-336a87d2ffdf
2019-10-09T08:40:26Z,2019-10-22T10:42:59Z,621b2893-32de-46fd-8f15-03de48e6ebdf
2019-10-10T23:16:04Z,2019-10-20T14:41:19Z,407f87fc-dc24-41cb-ac68-3b7bb47f8c72
2019-10-10T09:47:55Z,2019-10-18T09:44:22Z,a0ad2dbf-74ce-474e-aba7-857c2743fa2c
2019-10-10T16:02:10Z,2019-10-18T08:43:21Z,d9b9b0d1-8731-4fc8-97e3-29595ebcf5e6
2019-10-10T07:10:45Z,2019-10-23T14:24:21Z,96a93c0a-28da-4690-82d9-7873206faa7a
2019-10-10T22:05:24Z,2019-11-09T17:26:14Z,bcce8181-2cb4-4921-9fd0-f6a3dfd0fea2
2019-10-10T07:31:32Z,2019-10-24T17:03:00Z,8e7e99c1-4f21-41cf-9f95-cf49857d1581
2019-10-10T07:07:59Z,2019-10-22T07:59:11Z,1bf479c6-3c27-469e-8e5d-7ad7eac4f871
2019-10-11T11:43:32Z,2019-10-30T17:19:19Z,1ba25286-4334-434e-b6dc-c832e5a589ee
2019-10-11T05:08:57Z,2019-10-29T08:39:55Z,659304e5-8e0f-400d-9340-ac3fed1fa163
2019-10-11T06:15:42Z,2019-10-22T14:51:34Z,c9cc1e1f-c039-4a77-b5c3-6f4d933a0e1f
2019-10-11T17:39:55Z,2019-10-22T15:07:10Z,78997ad9-1f7a-4f7e-be81-b67f1b0b9704
2019-10-11T17:58:41Z,2019-10-23T19:12:30Z,e538e85d-0f43-43f2-9914-406f78a9971a
2019-10-12T22:37:02Z,2019-10-23T15:26:41Z,0ee3927c-0407-4df2-a33b-ec405e8257b1
2019-10-12T08:16:48Z,2019-10-23T09:10:19Z,79056802-1d97-4aad-aeba-a48e56e1be1f
2019-10-12T10:11:35Z,2019-10-22T15:22:18Z,05a93196-9b61-47ad-a017-bab4155c1376
2019-10-12T16:59:59Z,2019-10-23T17:08:26Z,dd42a410-8360-4363-ac1a-8b458fe30eb4
2019-10-13T17:02:30Z,2019-11-03T08:19:12Z,ae488a02-5a0f-4828-bcb3-5e165bd49481
2019-10-13T23:26:54Z,2019-10-22T05:15:00Z,ef77a9f0-f3f3-437c-b45f-51d881cc0018
2019-10-13T08:55:22Z,2019-10-22T07:25:57Z,03222981-c25b-40af-a311-b830859b8f81
2019-10-13T09:15:01Z,2019-10-22T08:52:38Z,1586c64d-20fa-49c3-beb8-cd1020e07df7
2019-10-13T10:49:56Z,2019-10-22T05:09:20Z,fc733cfe-c6a4-4b1b-8699-1b05ba81a2e8
2019-10-13T16:50:05Z,2019-10-23T12:02:07Z,1b017676-7c86-4798-8786-8b0e61a009fb
2019-10-15T13:26:52Z,2019-10-23T13:18:30Z,f0ed8b3c-c633-43ad-b694-dbbf45a33304
2019-10-15T14:35:04Z,2019-10-27T05:13:17Z,16ddbf74-521d-497c-852d-c7e422ada6b6
2019-10-15T07:31:14Z,2019-10-23T16:39:47Z,e960d700-d5b4-4960-b168-eee938abfa72
2019-10-15T18:17:30Z,2019-11-13T07:00:43Z,d927f99b-c317-4d68-8b31-30b1c96b9f72
2019-10-15T05:34:47Z,2019-10-25T06:26:30Z,81423567-5d9b-4257-be46-2a62eda88478
2019-10-15T08:43:24Z,2019-10-24T08:54:28Z,cef51700-fd33-4a88-b667-5fb382a81559
2019-10-15T17:20:20Z,2019-10-23T19:59:27Z,960364ba-f384-432d-9324-c1fa91286053
2019-10-15T08:43:49Z,2019-11-12T06:08:57Z,eafdd697-6f32-47cd-90ac-3a1910f24665
2019-10-15T07:01:22Z,2019-10-25T20:02:27Z,156b8334-366c-4b95-824f-d4c51b6cd20b
2019-10-16T21:31:28Z,2019-10-23T06:30:14Z,d33b8966-858e-496d-8389-ae994804252b
2019-10-16T17:42:24Z,2019-10-24T06:47:41Z,bc57409c-6698-488f-9c4a-35ad042ec344
2019-10-16T05:03:20Z,2019-10-24T16:07:08Z,07da5f73-04a8-4427-bc0c-0c9f863d4a64
2019-10-16T06:44:38Z,2019-10-24T05:42:37Z,a61453c3-91d8-4fea-b948-fbf4d55867c1
2019-10-16T08:28:38Z,2019-10-24T07:11:47Z,a653b94e-2206-4590-83e5-5664e6ac9f5e
2019-10-16T06:54:13Z,2019-10-24T07:03:19Z,6c208bff-e82c-41a2-969d-486a1e502031
2019-10-16T05:14:24Z,2019-11-06T09:22:15Z,9f1f1513-82f7-40ba-846b-f48513681c03
2019-10-16T12:03:15Z,2019-10-25T06:36:20Z,2dc649c9-e911-49a9-a77b-3a4d2dc0d0b2
2019-10-17T06:03:47Z,2019-10-25T17:39:00Z,6642dec6-9ff9-4195-84f4-8592bc10ba02
2019-10-17T18:03:23Z,2019-10-25T07:19:17Z,03605802-15a0-44cb-b448-bb64ef239a5e
2019-10-17T17:15:15Z,2019-10-26T07:54:32Z,ffb2596d-206a-4c43-864b-43fdb09dcfe2
2019-10-17T08:21:37Z,2019-11-02T15:28:19Z,6126d94e-4ecd-4cf7-8673-72d84e89b9a3
2019-10-17T16:32:15Z,2019-10-26T06:21:19Z,51d0f3eb-1d97-4ef4-bf93-24198ed27c01
2019-10-17T10:46:37Z,2019-10-29T09:07:24Z,649bae5a-e76e-4abc-9941-5fe06964eb85
2019-10-18T00:43:51Z,2019-10-27T16:50:29Z,d0ca7468-7d92-4a57-a910-d736ce8b8351
2019-10-18T05:06:13Z,2019-11-15T14:00:49Z,2314ceb2-40b9-4e62-971f-523f611accd5
2019-10-18T08:26:43Z,2019-10-27T20:58:51Z,5bf7c757-61c5-4090-8311-24512c3ecf39
2019-10-18T07:53:46Z,2019-10-27T18:00:01Z,8a099090-4823-4b5e-9bce-f23116696052
2019-10-18T17:30:25Z,2019-10-27T06:32:53Z,39bfdf70-3664-4f27-a6e3-85fa5d2d9148
2019-10-18T07:55:17Z,2019-10-27T07:48:10Z,4dc04e94-670f-4a12-88df-2b665acabc4c
2019-10-19T09:23:26Z,2019-10-30T20:45:31Z,0ca29b94-df82-4774-9117-a189283bf84f
2019-10-19T04:11:48Z,2019-10-27T08:59:10Z,7e553328-151e-473c-b8df-9ed3780d88a8
2019-10-19T22:55:01Z,2019-10-26T13:34:12Z,8bbecfdb-3468-45e1-ba04-9c670f2029ca
2019-10-19T10:25:23Z,2019-10-29T16:07:58Z,1e1d6a7b-c240-4fe4-8cb1-d91acb764aab
2019-10-19T16:54:23Z,2019-10-26T15:39:25Z,e86e1fc0-2b8f-4c35-8c84-a69d4982cd85
2019-10-19T19:52:23Z,2019-10-26T14:06:12Z,87027f0e-1bc9-4fcf-b342-97aeaad32c6d
2019-10-19T08:49:35Z,2019-11-01T12:35:57Z,bc9ac5dc-2a26-4e28-9306-2742d0ccca89
2019-10-19T06:53:11Z,2019-10-30T08:22:32Z,a856632c-9f26-49d5-abfe-4cfa9d1e68c4
2019-10-19T16:47:44Z,2019-11-17T06:15:28Z,fb27e21e-b8e0-47d1-a8ca-188743dc180d
2019-10-19T07:49:02Z,2019-10-30T05:26:03Z,59a72714-3376-4c7f-9abe-73a5d891cf76
2019-10-20T15:04:39Z,2019-10-30T06:10:44Z,8dcf0357-19cb-488c-ba77-acb7088d2e00
2019-10-20T18:27:00Z,2019-10-31T10:33:04Z,15a9d7fe-f1c9-4330-8919-0da1baba6d36
2019-10-20T09:53:20Z,2019-10-31T07:43:30Z,a97b4880-1348-4038-880b-67c673b17ba9
2019-10-20T14:58:06Z,2019-11-01T17:33:09Z,6685eb9b-df60-4f5f-9485-3516167324e5
2019-10-22T17:19:52Z,2019-10-31T14:30:44Z,f006c8bc-f78f-4b43-903e-6d3b997abb99
2019-10-22T07:37:47Z,2019-10-30T14:48:09Z,c32b1a62-9a3f-4bcd-b970-efdc5800eaf0
2019-10-22T18:42:26Z,2019-11-03T20:19:26Z,c0e166ae-5832-4b42-b405-7e69552fbadb
2019-10-22T09:35:13Z,2019-10-30T19:34:17Z,86070347-733d-4c72-9300-0fb461e1b4fe
2019-10-22T17:46:39Z,2019-10-30T17:06:35Z,572582d8-e107-4c36-b124-e989613e153c
2019-10-23T18:16:57Z,2019-11-10T16:40:26Z,161c2551-f075-4aee-b868-03ced2a00e87
2019-10-23T16:55:33Z,2019-10-31T19:18:25Z,402d6875-d170-4250-93c8-900c1bda4a78
2019-10-23T07:15:37Z,2019-11-01T18:00:30Z,482ec944-4959-4d95-ba28-e43d5b5764ea
2019-10-23T22:43:22Z,2019-11-02T09:16:21Z,74189fe2-eae8-4fd6-8b52-38f6af096063
2019-10-24T18:49:58Z,2019-11-01T20:35:36Z,21707998-25bc-4b9b-af95-63913307d87e
2019-10-24T12:17:13Z,2019-11-14T09:58:31Z,8674e634-e507-4c43-b91c-9fcd5adc8fe4
2019-10-24T06:20:48Z,2019-11-02T06:11:20Z,8b782afa-442d-49e7-89a0-d145d9425231
2019-10-24T04:29:04Z,2019-11-02T09:19:36Z,345918d8-6355-4ea7-8f8a-ba26051f664b
2019-10-25T17:32:16Z,2019-11-03T07:27:07Z,b825c68f-4e57-4600-9873-ada6a5a296d8
2019-10-25T07:40:09Z,2019-11-06T17:47:07Z,555f44a3-59a5-4271-a78f-5c22af229608
2019-10-25T09:29:19Z,2019-11-03T21:34:34Z,836437e5-a411-4c20-a047-b6fea46e3349
2019-10-25T17:38:29Z,2019-11-01T19:48:16Z,8c107419-105e-414c-b27e-fba43498f2d6
2019-10-25T08:03:43Z,2019-10-31T06:12:49Z,a5e783ac-bd7e-4d2d-bd8e-1f700a29ce40
2019-10-25T17:07:22Z,2019-10-31T17:55:46Z,a98c25f3-ddf4-4d19-bcb2-33415c7d06cc
2019-10-25T10:50:39Z,2019-11-07T10:44:31Z,5622dcec-0b8f-4def-998e-dfc78313a5f0
2019-10-26T07:34:42Z,2019-11-05T05:03:21Z,77ee4e8b-be5a-4240-92f4-5919793a4775
2019-10-26T17:56:39Z,2019-11-01T06:29:46Z,07c18717-b303-4a1c-89fa-0ca0ffb27a11
2019-10-26T13:20:34Z,2019-11-02T20:13:02Z,0ae4d118-e298-4858-a229-bf9612e2b792
2019-10-26T05:54:24Z,2019-11-03T10:20:45Z,33542d74-3ee2-4227-8b09-c4557f2d9d23
2019-10-26T10:26:52Z,2019-11-02T08:34:31Z,0f6c49b2-6a54-4f34-9d9b-42e02ccc3cbb
2019-10-27T17:30:08Z,2019-11-05T08:02:35Z,70cc25d3-363f-4731-8980-78e8e599de82
2019-10-27T13:11:27Z,2019-11-05T09:04:06Z,2e2ee4cd-107c-405d-9dcb-5f1de9a0ac6a
2019-10-27T07:26:19Z,2019-11-05T16:50:13Z,34b19bee-5dc9-4207-9543-15439c2de45a
2019-10-27T17:00:26Z,2019-11-05T12:40:48Z,eb3b9c36-bb4c-402b-9d87-b100c22c1442
2019-10-27T06:30:31Z,2019-11-08T11:11:30Z,184d8718-9b80-47de-a252-62d0d33730ed
2019-10-27T22:09:36Z,2019-11-06T08:17:21Z,5da61c56-f983-4af5-8789-ecf47b403581
2019-10-29T19:30:00Z,2019-11-07T14:12:33Z,bcb7c13a-7f6b-4b2f-ba2b-047b788eabcb
2019-10-29T18:08:25Z,2019-11-07T07:55:37Z,9f42cbd4-1c41-4eba-932d-2e9fed0bbe16
2019-10-29T18:56:36Z,2019-11-07T16:52:41Z,ff5098e2-ee5c-4100-8f00-40828570fe65
2019-10-29T07:48:55Z,2019-11-06T18:33:55Z,1b19f6e8-3594-4da1-b54e-5670e59e0dfd
2019-10-29T17:49:04Z,2019-11-27T00:24:52Z,2510e715-bff5-48ca-b26b-23bc3cc8367d
2019-10-29T19:39:59Z,2019-11-06T06:18:52Z,a5451d0e-3f21-4093-b5d6-93c50130c1b5
2019-10-29T15:45:37Z,2019-11-09T18:59:48Z,7a857792-cad1-4689-98a3-ab660ef1a9f7
2019-10-30T23:53:48Z,2019-11-08T04:39:19Z,afddfd4f-ce57-4255-a30d-5a43f8a8446f
2019-10-30T12:50:01Z,2019-11-10T14:16:44Z,3f8a8e22-72bb-47ed-ad68-1575615a4700
2019-10-30T16:32:30Z,2019-11-07T15:54:04Z,4fd9fc7f-c33c-4cb1-8900-8d85654f1895
2019-10-30T04:15:48Z,2019-11-07T08:43:30Z,6e09ff7a-4f0c-406a-aeca-ecf250d84163
2019-10-30T05:44:32Z,2019-11-08T18:01:00Z,3c10e57b-58b8-4029-8aac-30d9b10497b7
2019-10-31T07:34:05Z,2019-11-12T09:14:53Z,78371f4c-0142-4816-b2a9-6c7070bd0393
2019-10-31T18:09:07Z,2019-11-07T16:47:48Z,fe6e701c-8991-4c1d-b902-b762ee25f970
2019-10-31T04:10:38Z,2019-11-07T12:25:03Z,162f8e1b-53c1-483f-ab1f-8a8d4f5deccd
2019-10-31T06:19:36Z,2019-11-09T12:32:52Z,f94789ab-13c7-4ad7-8b6d-692628d2b94f
2019-10-31T05:56:16Z,2019-11-09T10:04:44Z,57b82024-05ec-4a50-be21-20d6f421e42b
2019-10-31T21:47:21Z,2019-11-08T09:36:51Z,e3737db5-cc97-492f-8da3-3c7c1ae785bb
2019-11-01T05:11:47Z,2019-11-08T04:45:02Z,52aaed5e-a757-45ef-97a8-1d2dfe50702c
2019-11-01T20:27:26Z,2019-11-07T18:32:04Z,23844821-c909-4d40-880f-ed0549185e64
2019-11-01T09:35:01Z,2019-11-09T17:32:19Z,a56074e7-e532-4607-9ce2-14a670cbcf25
2019-11-01T07:55:15Z,2019-11-08T15:25:42Z,1ac94665-464f-41de-8cf2-04bad66afdc5
2019-11-01T13:01:46Z,2019-11-12T11:21:46Z,6f57b074-8a62-47fc-b495-b88ca3a00398
2019-11-01T15:29:45Z,2019-11-08T15:48:01Z,8566ffe8-4c19-462e-9247-917e8eb886d6
2019-11-01T08:28:51Z,2019-11-08T18:20:02Z,7672cf7b-01ea-494b-b8f1-8f3d629b614d
2019-11-02T20:59:46Z,2019-11-10T17:02:09Z,758fd3ae-5fcc-402c-8089-6e5c52558fcc
2019-11-02T10:36:40Z,2019-11-10T17:54:42Z,1460e645-7ebe-433a-b840-979ba0c2f093
2019-11-02T15:44:47Z,2019-11-22T06:56:11Z,de98742e-1204-43b6-9d1e-1f5061c5cd27
2019-11-02T05:12:56Z,2019-11-10T16:16:51Z,d126817a-17c0-4e76-ad15-f6470557ec84
2019-11-02T12:45:28Z,2019-11-10T16:30:02Z,78f8f095-f2fc-4a25-91de-e24fe132ac50
2019-11-02T07:05:46Z,2019-11-10T18:35:54Z,5948c1c4-bce5-457d-aa79-502110e6e4b2
2019-11-02T06:37:30Z,2019-11-10T07:07:31Z,7c18da1c-67c7-433b-8e63-d7e3f3f5a4bf
2019-11-02T18:03:07Z,2019-11-12T16:32:34Z,16461924-6be8-4e3b-80e7-8c22ecff154e
2019-11-03T04:51:37Z,2019-11-15T09:15:06Z,6168dd3a-bd68-4468-841f-e8e39950c64e
2019-11-03T19:28:44Z,2019-11-13T17:54:31Z,114fe324-fb3a-40c0-8764-3dc31c0d81f1
2019-11-03T07:01:13Z,2019-11-13T06:55:31Z,c7d41661-14e4-4660-a0ac-bd947026e9a1
2019-11-03T20:46:07Z,2019-11-13T00:01:29Z,5748b18d-af71-4dbe-b5d5-ff45518a4d59
2019-11-03T04:54:41Z,2019-11-13T10:04:03Z,611a03de-e808-47b7-a65a-7068dd62d63e
2019-11-03T09:47:51Z,2019-11-27T16:23:05Z,63086565-9c48-4e62-88a8-307edf6383af
2019-11-03T18:04:42Z,2019-11-15T18:02:13Z,5d5c135b-09a4-4542-9acc-47181f31a46c
2019-11-03T18:09:05Z,2019-11-14T17:58:08Z,73800fb8-b567-46d6-8228-224643b2e757
2019-11-05T10:20:04Z,2019-11-14T04:22:52Z,3af41e2e-4179-4b6f-91dc-05de589727d3
2019-11-05T21:35:06Z,2019-11-14T07:30:27Z,e33909f9-7bf2-4e05-9323-577a2c6c961c
2019-11-05T18:25:19Z,2019-11-14T08:53:09Z,9ff796c9-37b1-4158-969d-3b9c45272b4a
2019-11-05T07:21:11Z,2019-11-15T15:41:28Z,87f4e67e-4535-43ab-bafd-693871655e24
2019-11-05T17:48:27Z,2019-11-15T06:12:33Z,687874d2-ad74-4765-8888-ed73d8442f87
2019-11-05T07:16:29Z,2019-11-16T04:02:59Z,559a51bb-50a7-446d-b07f-2daee2d25913
2019-11-05T14:32:18Z,2019-11-16T18:56:31Z,a3bfd7da-68ac-48b2-b39f-c37d5939be2f
2019-11-05T08:54:07Z,2019-11-17T15:49:20Z,4406906e-8be4-4fd5-99e7-bd5558f7a323
2019-11-06T12:50:51Z,2019-11-17T18:46:22Z,ba0f5374-6ae5-409a-ab92-2a1bd804da12
2019-11-06T06:34:26Z,2019-11-16T07:38:19Z,2d5c1a63-d39a-40f8-8c14-8349b4dcdcee
2019-11-06T08:23:38Z,2019-11-24T17:01:55Z,778f50d8-0e49-4831-ba5f-f742af8898ba
2019-11-06T16:03:46Z,2019-11-16T17:33:53Z,1ba9096a-746c-4fc2-a226-8cf5b8230d92
2019-11-06T07:43:49Z,2019-11-17T17:14:38Z,44dee516-34ad-4061-9b3f-f10e0e8057fc
2019-11-06T18:50:54Z,2019-11-16T12:35:40Z,3a01c773-f7ff-46cb-a967-af92f149f378
2019-11-07T16:15:02Z,2019-11-16T16:04:49Z,5dbe7b07-0937-4d21-820c-d0d0936722a7
2019-11-07T18:02:54Z,2019-11-16T09:04:57Z,f5e6539a-5b4d-4bf3-9101-b613b3eeeebd
2019-11-07T05:54:12Z,2019-11-19T17:12:20Z,d0853fbd-0f7f-4610-86fe-bebd2c11044b
2019-11-07T17:40:58Z,2019-11-30T06:36:55Z,ee04a31e-5b51-46f8-9308-66dc49316b6f
2019-11-08T07:18:42Z,2019-11-20T06:04:21Z,877111c9-64fc-4ec6-96bd-f25521535809
2019-11-08T18:15:01Z,2019-11-20T19:43:30Z,40e5df0a-be15-4858-8c32-1c7dd8e04641
2019-11-08T05:15:43Z,2019-11-20T07:18:53Z,a5df3f22-8e6e-4fb1-9793-50d06a3a0722
2019-11-08T18:08:40Z,2019-11-20T15:48:42Z,6dc858b9-afde-4fb5-a93b-e08c26aa1838
2019-11-09T12:22:18Z,2019-11-20T18:00:39Z,22fc2b3a-2cc0-473a-a050-c8103ff1e3de
2019-11-09T12:05:39Z,2019-12-08T06:35:42Z,cd54fc7d-bd73-4fc8-9c5e-7f13a0f0adf1
2019-11-09T06:39:17Z,2019-11-19T14:09:36Z,e2d3e088-7193-478a-826d-1f246b5cc4a2
2019-11-09T17:57:03Z,2019-11-19T05:07:43Z,79727a60-e34a-40c1-8c7a-8058a92c16f4
2019-11-09T07:50:46Z,2019-11-19T14:51:22Z,adee0612-4215-49df-a7d7-4e294558f722
2019-11-09T05:34:20Z,2019-11-24T17:10:33Z,7006f18c-d61c-4118-9590-9a5d4ea7576a
2019-11-09T13:53:58Z,2019-12-07T04:28:25Z,52cb8f07-680c-49cb-97b6-a5ce953c863c
2019-11-09T07:02:54Z,2019-11-19T11:48:55Z,689c30b8-63f6-4e3a-9d86-331c7be0a279
2019-11-10T19:33:11Z,2019-11-22T19:15:23Z,29ee3201-a9c4-4c40-a302-faaf130bfdf7
2019-11-10T19:08:18Z,2019-11-21T14:13:28Z,ab079fec-cb23-4b0c-92a4-1cf21c9ff142
2019-11-10T16:59:57Z,2019-11-21T08:06:14Z,c89fbfdf-a84e-49f3-9708-936576c20e1b
2019-11-10T06:54:00Z,2019-12-07T11:50:18Z,228ce0fb-31a2-4b3b-9e2b-7b146501e1de
2019-11-10T07:41:55Z,2019-11-30T19:47:32Z,2a821fcc-0fa0-41d5-878c-1496b4cf0184
2019-11-12T10:51:47Z,2019-11-23T08:15:08Z,6cfaf423-ec9e-4efe-8d0b-ebb11628c90d
2019-11-12T07:13:12Z,2019-11-22T19:41:03Z,33bb4cc5-9882-4b85-b7a1-5315f99ad6c3
2019-11-12T08:04:31Z,2019-12-04T09:17:30Z,932297dd-af36-4f7e-86a1-ff4173714c9d
2019-11-12T23:52:36Z,2019-11-23T14:18:43Z,d5a27cb3-cd6f-4983-ba3d-25731ddd1810
2019-11-12T10:24:15Z,2019-11-22T08:02:04Z,436cfc8e-6747-405a-bd70-4d9e9d1327cd
2019-11-13T18:26:04Z,2019-11-22T18:54:09Z,0e0863f5-b2b3-4260-bc46-f881af8221f4
2019-11-13T19:44:03Z,2019-11-23T17:23:09Z,7f6371df-008a-4bda-86ae-5e29895bfafc
2019-11-13T16:29:14Z,2019-11-23T07:40:22Z,6aa37171-6e98-450d-b45f-cc285ffee125
2019-11-13T10:39:54Z,2019-11-27T08:58:35Z,ab016cff-6d27-4872-8d77-99177c5da181
2019-11-13T17:33:38Z,2019-11-23T17:32:55Z,9ef2304e-a1ad-422d-9ab7-fcb1276f40b7
2019-11-14T15:14:16Z,2019-11-21T07:07:54Z,277fcdf5-dd62-4907-952c-8560d63a66de
2019-11-14T05:59:01Z,2019-11-22T16:04:52Z,4e1f5b41-0e33-4ab0-b0d5-c15029365841
2019-11-14T16:38:39Z,2019-11-27T06:01:41Z,0c57297e-a6fd-455a-8f3e-5896d5b78d67
2019-11-14T07:17:08Z,2019-11-21T15:36:46Z,50ebda9e-818c-412c-b5ae-92bd5aed14c6
2019-11-14T11:13:46Z,2019-11-23T13:15:37Z,0b9fb8ca-2cab-4a79-bb4c-18793d6d2cff
2019-11-14T16:56:45Z,2019-11-21T10:07:25Z,9fe313f2-16a4-4263-934f-96f394e87eaf
2019-11-14T15:24:11Z,2019-11-26T12:04:02Z,6e49c597-b947-46af-968b-1bdefeb1fabb
2019-11-14T08:04:55Z,2019-11-22T18:54:05Z,a2acf082-f2cf-4294-80c0-1f81f1fdd443
2019-11-14T17:17:32Z,2019-11-26T06:37:20Z,7d26acb2-4400-46b2-ab7d-654b3cc6caeb
2019-11-15T08:59:49Z,2019-11-24T17:56:15Z,1267af13-7d72-4005-bcb2-902870ed9f1c
2019-11-15T10:09:42Z,2019-11-24T16:30:53Z,adbf69b5-6bc5-480e-a28f-8a531e5230c5
2019-11-15T23:24:09Z,2019-11-23T14:07:37Z,3541e433-6b10-4f36-ba76-bfb8027d8ede
2019-11-15T19:32:00Z,2019-11-27T15:29:25Z,e88529c2-5be6-41e6-86d9-314624107f3e
2019-11-15T12:23:48Z,2019-11-21T18:28:43Z,11fd546f-f084-4816-b13f-4661d4bf1ba1
2019-11-15T21:42:26Z,2019-11-21T19:10:28Z,71c5bd9d-7dc3-48eb-86c6-e9d1a9fefe18
2019-11-15T07:50:47Z,2019-11-21T16:55:09Z,f68a333f-c286-4b5f-86f0-ecdc3f673f60
2019-11-15T18:10:31Z,2019-11-21T06:14:58Z,822aee6f-3a4c-4198-9cd7-930eb85d8bc1
2019-11-16T10:54:22Z,2019-11-21T07:42:17Z,9f85ae71-3ffb-42fe-b681-d33224e29e41
2019-11-16T06:08:39Z,2019-11-27T07:22:35Z,736bb506-2af7-4187-a88d-075e11471030
2019-11-16T18:10:14Z,2019-11-27T04:49:13Z,ded8c324-8334-43a4-822a-960eba5d3181
2019-11-16T09:26:54Z,2019-11-21T17:35:44Z,3f376ca2-55be-4a11-a708-bed58d5a72c1
2019-11-17T17:47:52Z,2019-11-27T08:16:12Z,4b1b6c34-5955-48a4-8419-bfb365a682ed
2019-11-17T17:18:37Z,2019-11-28T17:49:01Z,ca0b6e77-5fd2-4478-adf8-b51543ef176c
2019-11-17T07:44:09Z,2019-12-03T07:54:09Z,c1f97acc-d158-4431-bf08-d5ee31d8a694
2019-11-17T18:41:35Z,2019-11-26T07:09:17Z,57baab6e-7efc-4547-8b8a-f427ed740324
2019-11-17T08:32:21Z,2019-11-26T21:35:43Z,d9f44dd8-990e-457b-81aa-cfb6a4da8bbf
2019-11-17T06:18:47Z,2019-11-28T09:54:56Z,9b458141-3c5e-4566-8a27-f3fad0fdf9a6
2019-11-17T18:26:39Z,2019-11-28T16:16:27Z,4a4ed12e-60c3-43ad-99fb-0face377fa9a
2019-11-17T05:27:47Z,2019-11-28T07:25:30Z,c2f087e7-b47c-486a-8dc7-f93c19c2099b
2019-11-17T07:52:53Z,2019-11-26T20:10:44Z,b6c60c67-eec6-481e-8f62-0a338b205592
2019-11-17T08:44:04Z,2019-11-26T17:42:12Z,eb7e70ab-8cbd-4db3-9937-60f26de1b673
2019-11-17T18:57:16Z,2019-11-26T16:35:33Z,4de4f5ef-08a1-455a-839d-830b77fa633b
2019-11-19T06:12:17Z,2019-11-26T17:40:55Z,394c7869-465e-4585-adb3-6d3148d43daa
2019-11-19T17:28:22Z,2019-11-26T15:25:25Z,f97bb54e-a43c-46df-a6fd-8a6fc84a9649
2019-11-19T09:29:05Z,2019-11-28T23:50:44Z,37faaaa9-42d4-48de-9699-100cda0a5902
2019-11-19T15:04:20Z,2019-12-03T08:48:27Z,5e8e2b13-950c-4394-8cf1-6c48a08e1c95
2019-11-19T08:51:52Z,2019-11-30T19:27:24Z,74b24c89-e768-4bd8-8d65-c2a0d2a42b48
2019-11-19T07:20:43Z,2019-11-29T07:42:48Z,b60d83b2-b838-4f24-969d-bacea8ddf390
2019-11-19T08:31:52Z,2019-11-30T05:37:10Z,cf1ff0ff-7138-4017-aa82-1f198e0a0eb9
2019-11-20T06:13:06Z,2019-11-29T06:01:51Z,8256b39f-7d3f-4592-ac30-2797d5d11bde
2019-11-20T18:47:00Z,2019-11-30T18:49:31Z,f940dbe7-7cac-4e91-85e8-d60c5041709e
2019-11-20T18:25:53Z,2019-11-30T10:07:42Z,3dd542c0-5075-4c80-9d52-a15534920c15
2019-11-20T05:56:36Z,2019-11-30T13:58:26Z,4b4dada1-d553-45fe-884f-12fe452ed4a9
2019-11-20T07:20:37Z,2019-12-03T15:22:55Z,2058941e-d1bd-425e-b5dc-0db574eb3aee
2019-11-20T17:06:53Z,2019-12-19T09:53:02Z,5cb97b35-f55f-4043-a1dc-76bd465e423c
2019-11-20T23:59:21Z,2019-11-29T04:19:57Z,01d9443a-a364-4d15-a52f-7678aa4527e9
2019-11-21T07:21:16Z,2019-12-03T17:11:31Z,b792fc54-2582-4fca-b8eb-7b44db48eb33
2019-11-21T15:01:38Z,2019-12-01T16:38:21Z,fd07bb84-712b-4bcf-89cc-63f3ded70b23
2019-11-21T09:15:57Z,2019-12-10T15:23:52Z,0a32b999-00ba-4c50-81ca-d5ca6cf0bc58
2019-11-21T10:06:10Z,2019-11-29T08:13:04Z,6521b664-5ffe-4aaa-a6eb-9e1819e3db6b
2019-11-22T10:35:09Z,2019-12-01T08:18:07Z,06efbe41-be82-49af-bdcc-a8a1297b7176
2019-11-22T05:32:38Z,2019-11-29T06:58:58Z,aef169fb-f15a-4e46-ac53-7d61e63832b0
2019-11-22T05:06:18Z,2019-11-29T17:31:50Z,cd748ef8-1ce1-4313-8849-70ee42fee652
2019-11-22T18:01:20Z,2019-11-29T05:30:45Z,c5c6b636-85e5-4bcd-a739-7a844940b2b1
2019-11-22T10:43:47Z,2019-12-01T19:23:01Z,c8e8d6f1-7f43-4626-bd3a-7e3eddfe5f6a
2019-11-22T06:00:51Z,2019-12-21T05:59:21Z,9627dcf8-2c10-4569-92ab-8c6746c123f4
2019-11-22T20:30:36Z,2019-12-04T07:18:03Z,827d696d-de55-49e9-9136-207246abfab8
2019-11-22T14:32:28Z,2019-12-01T07:52:49Z,1f74f0af-7c90-4304-afcf-75a3f77119e6
2019-11-23T18:23:48Z,2019-12-01T00:04:03Z,32f35dd3-193f-4870-b093-9fe89d9d4b4f
2019-11-23T09:55:32Z,2019-12-01T07:57:27Z,33c158b3-10d0-4ecb-a55b-5456fa034555
2019-11-23T17:42:48Z,2019-12-05T15:59:26Z,a64b8c76-a935-42fb-a5cb-6ed7e2e6ff1d
2019-11-23T08:08:24Z,2019-12-04T14:05:41Z,93b5bc59-b124-4bb6-97fe-399f4daffaee
2019-11-23T06:31:43Z,2019-12-03T18:37:23Z,39cfddfc-ced3-478a-bb41-b9ff5edd8d14
2019-11-23T06:37:09Z,2019-12-05T07:34:03Z,cf630399-c8d3-4640-a30b-f4a25d4edad1
2019-11-23T17:48:23Z,2019-12-04T18:23:10Z,39c08d9c-66f3-4807-8a9a-54f5681ea790
2019-11-23T16:45:08Z,2019-12-05T12:12:43Z,7bf8dc33-806a-49f8-84f8-a6588a65b9c8
2019-11-24T18:04:25Z,2019-12-04T06:05:35Z,d7d0fa80-432c-49a7-9c93-8ec8847547fc
2019-11-24T16:48:06Z,2019-12-03T18:00:05Z,11e5e1b3-3aaf-4089-b59e-3d950b0a0b1c
2019-11-24T07:33:19Z,2019-12-05T05:45:45Z,c9ccfa49-bcde-4d5c-86a9-ba943dbee430
2019-11-24T10:22:03Z,2019-12-04T18:00:21Z,c86d638b-8547-403c-baee-b9bcc54e9a90
2019-11-24T06:18:21Z,2019-12-14T16:53:15Z,bd4371c7-b9b0-43fd-89f5-78d0454cbf40
2019-11-24T05:00:15Z,2019-12-04T05:52:39Z,8b9663b9-f723-400d-90d7-4401de985b03
2019-11-24T09:27:35Z,2019-12-19T08:44:56Z,2abeac20-0c44-4445-a993-5f6eab61e639
2019-11-24T18:17:51Z,2019-12-04T11:11:32Z,e69a818c-164d-4ef3-a398-6a939fd6e65a
2019-11-24T10:29:45Z,2019-12-13T05:17:26Z,2e45720f-d218-4d20-9b5b-c332a58d173c
2019-11-26T06:42:22Z,2019-12-05T16:03:34Z,b0544c12-d2a6-483e-b61e-f8a9b02e825f
2019-11-26T15:36:09Z,2019-12-04T10:16:10Z,505fc7c0-743e-439d-962a-12caf9a026cd
2019-11-26T16:03:58Z,2019-12-05T07:31:58Z,5c5b79d7-ca0b-4366-99f6-c3708ca0edd4
2019-11-26T06:43:10Z,2019-12-08T15:35:07Z,655a4138-93fb-4f95-8f94-685ce1863f57
2019-11-26T23:01:24Z,2019-12-12T06:17:12Z,f346aee6-da57-4f99-8708-058a593da2f6
2019-11-27T08:11:24Z,2019-12-07T07:01:33Z,094c8c6a-f578-4b6b-a8df-23dbabd1fbac
2019-11-27T15:23:17Z,2019-12-07T10:52:56Z,9124b96c-04fc-4372-a91c-74f0c9fa667b
2019-11-27T17:39:12Z,2019-12-06T12:30:55Z,e084ea53-9b52-46f1-9bbd-2c96c170ea5e
2019-11-27T23:23:00Z,2019-12-05T17:20:54Z,e94713a4-47ca-486f-b0b5-e3e0dd6c0378
2019-11-27T05:55:39Z,2019-12-06T08:03:39Z,ada1caf0-5311-466d-ad49-84da35401b43
2019-11-27T07:50:27Z,2019-12-05T06:55:37Z,6e9d48dd-d67d-42ba-8633-9d6ee8d5c8e4
2019-11-27T08:39:06Z,2019-12-05T08:39:10Z,c415bdc9-41af-4978-a11a-670f24cc52f6
2019-11-28T09:44:29Z,2019-12-06T05:39:33Z,af2ddea4-3bd5-49e4-8387-cc3955f87252
2019-11-28T14:06:12Z,2019-12-06T08:29:45Z,8c7c747b-dd5b-4623-b74b-9befe1939fbc
2019-11-28T18:12:17Z,2019-12-08T15:36:51Z,f00a42d4-18ca-4bc5-9933-147c9dd4a177
2019-11-28T21:58:49Z,2019-12-07T16:17:14Z,4a392e6c-2f7a-456e-bba1-820ac5fecb16
2019-11-28T23:07:54Z,2019-12-07T07:32:39Z,4fad9fe0-eefe-48dc-9bf9-06e2e7b74614
2019-11-28T17:22:41Z,2019-12-06T18:30:07Z,154b933a-ac5e-4e36-934f-11a050fa5fe7
2019-11-28T17:01:43Z,2019-12-28T05:39:15Z,01033282-dfed-4632-874f-5c21e539489f
2019-11-28T10:39:13Z,2019-12-06T07:27:48Z,e0d0d278-1c1c-41b6-8c2e-585c3b4c22f1
2019-11-28T10:27:01Z,2019-12-06T23:10:22Z,d6d9e5fc-3501-4f70-9a12-53549b580b1d
2019-11-29T17:03:07Z,2019-12-07T20:53:54Z,bc3e3e39-48ae-4a9e-a800-c84e6f2bf9d1
2019-11-29T18:42:27Z,2019-12-06T09:55:21Z,d2fa4439-3cbe-4943-9824-6838f167d10e
2019-11-29T18:18:41Z,2019-12-10T17:37:24Z,53de175f-8000-452f-b984-5103d4af9dce
2019-11-29T21:01:26Z,2019-12-08T16:37:45Z,7e3265c9-eb34-480b-9b90-f4cca11c2208
2019-11-29T11:21:50Z,2019-12-08T05:39:21Z,b29efbf2-aab5-4300-a158-599dab00059e
2019-11-29T14:04:50Z,2019-12-10T09:05:16Z,efb0ff36-6ee8-435a-9257-a36eb404a371
2019-11-29T18:00:06Z,2019-12-08T11:55:18Z,9be4581c-8fe9-44e3-9ff4-56dbcb5b527e
2019-11-29T18:05:44Z,2019-12-08T08:01:54Z,b1d36bd8-565b-43b2-9871-de70f0fb5f78
2019-11-30T19:23:53Z,2019-12-08T09:55:44Z,7b0dacdd-ab91-4f7c-b16b-1a2ef1e434d3
2019-11-30T10:18:43Z,2019-12-10T08:24:08Z,552c42d8-ab3c-48a6-a513-6c0577572a47
2019-11-30T20:56:10Z,2019-12-10T07:02:06Z,c5242f29-74e0-4a9b-9e0f-fdfabf2f5dba
2019-11-30T06:11:43Z,2019-12-12T17:32:12Z,722062fa-903b-4060-bee6-e547201048e0
2019-12-01T08:47:03Z,2019-12-22T10:51:49Z,dd103537-44a9-4062-97d9-4a6ff99d5a3f
2019-12-01T11:49:40Z,2019-12-10T12:11:26Z,25d26ca4-044a-42f8-bdec-081cc6c96628
2019-12-01T08:22:56Z,2019-12-10T18:32:11Z,e98cbfe9-ad2a-4355-bafd-3ab948dfd135
2019-12-01T11:19:30Z,2019-12-10T15:41:01Z,83a5b32f-056d-4fbd-9115-896fd470f9a2
2019-12-03T07:55:03Z,2019-12-12T16:50:41Z,51a6358e-762c-4c7e-abac-529f65dc4795
2019-12-03T06:48:06Z,2019-12-10T10:09:26Z,27e92b39-1778-49ac-8c84-413c86545202
2019-12-03T19:25:07Z,2019-12-11T10:47:47Z,ff28ae50-ea5d-43d8-8ccb-524862cda784
2019-12-03T19:51:49Z,2019-12-08T07:05:52Z,961b7cce-796e-4344-8cf2-d08419f2710b
2019-12-03T08:26:29Z,2019-12-12T18:50:49Z,78106177-5a3e-487a-a314-9d0841fcdfa3
2019-12-03T23:22:28Z,2019-12-12T05:24:53Z,a27ba52e-0522-4459-9894-738404037b95
2019-12-03T14:09:39Z,2019-12-10T06:25:02Z,d1830974-eccd-42c5-8b64-3bce8664a459
2019-12-03T16:16:34Z,2019-12-11T22:52:35Z,710f214b-af74-49f3-998c-341d614c74b7
2019-12-03T16:32:55Z,2019-12-21T07:38:05Z,f9421d3e-d498-486e-b95e-a1ee927b4a6f
2019-12-04T17:40:05Z,2019-12-14T16:49:55Z,9d2286f8-8e94-43e6-b854-8f92322e742d
2019-12-04T10:06:17Z,2019-12-27T09:42:52Z,0161578c-5635-426b-b597-50c4a5a5703f
2019-12-04T09:15:38Z,2019-12-12T16:25:05Z,4fdc0fde-3dd2-4954-996d-7a66eb89a670
2019-12-04T20:55:23Z,2019-12-13T13:56:32Z,63e37c75-b115-4417-ab4b-7e85380cae8d
2019-12-04T05:11:54Z,2019-12-11T07:54:22Z,c3fdb028-843e-465f-bcf7-2d15a4c5eed4
2019-12-04T14:59:22Z,2019-12-15T18:35:05Z,a5696ebf-7ad0-4098-82ae-e1b6b5d3a869
2019-12-05T19:22:44Z,2019-12-12T06:50:48Z,1b72cd79-592c-4935-8a07-7794f7c69a53
2019-12-05T07:19:42Z,2019-12-12T06:43:57Z,677b83c2-a1d8-4b08-8117-101238fbda8b
2019-12-05T10:13:47Z,2019-12-11T18:15:00Z,ad04af72-e0d3-4118-9177-6d66e873f895
2019-12-05T17:36:01Z,2019-12-15T17:45:11Z,a2407b2a-d85d-4a09-ad19-07a2ced378d8
2019-12-06T11:44:59Z,2019-12-15T15:27:47Z,b4faa8b0-ee04-49e6-91ce-829bb9e2a014
2019-12-06T08:54:54Z,2019-12-13T06:36:25Z,2ea5ebc5-38f8-46fd-8152-b860dac38264
2019-12-06T17:42:13Z,2019-12-14T17:17:10Z,e19f56a8-0ccc-4565-984f-4243f410679f
2019-12-06T20:29:10Z,2019-12-14T18:33:09Z,21828c96-b91f-481e-bdbf-9351162a8b39
2019-12-06T07:21:56Z,2019-12-14T09:28:27Z,689c6b65-d7e2-45fe-beba-74d91d30546a
2019-12-06T09:40:45Z,2019-12-13T06:31:58Z,2288f309-ef48-44ab-aa66-8680c04fe45b
2019-12-06T07:12:38Z,2019-12-11T15:01:57Z,4268f53d-d413-4b7d-8235-4056afd17976
2019-12-07T06:59:06Z,2019-12-13T14:44:22Z,87cc7784-7002-4ff0-abb3-54ed7f52fce3
2019-12-07T18:11:37Z,2019-12-17T18:25:02Z,376c5ac8-a28e-4d9a-8aa6-a7d270df043f
2019-12-07T15:12:08Z,2019-12-11T16:41:03Z,c7c75163-c4e3-45b4-98e3-3eb720bf7531
2019-12-07T10:56:05Z,2019-12-15T09:00:43Z,e7b09d97-5a7d-4924-acd5-96f142075cc8
2019-12-07T05:16:23Z,2019-12-15T06:01:20Z,01a73300-6f9f-4725-809c-b9cc3a72b535
2019-12-07T18:22:06Z,2019-12-15T10:35:24Z,d6ef4b14-3953-4fdf-815d-5fc07c0f181f
2019-12-07T06:55:46Z,2019-12-17T14:51:57Z,fdfc68bb-fe83-4cf7-a76f-d786d8943269
2019-12-08T07:05:37Z,2019-12-15T08:02:12Z,1f365b8d-56c3-4c93-bbeb-ae1ca6feadbf
2019-12-08T15:58:19Z,2019-12-15T05:06:24Z,d6d32c57-b313-4f02-9ad2-cffce5dd1db5
2019-12-08T18:44:55Z,2019-12-17T14:57:27Z,ed067df3-2b1d-48bb-b55d-7d6faa4cd11e
2019-12-08T09:37:36Z,2019-12-20T18:51:56Z,864f457a-7e76-47d4-bed6-d16d3f3ac44a
2019-12-08T06:18:48Z,2019-12-15T10:11:23Z,0c411b96-b77e-4841-aa06-3000c7f392fb
2019-12-10T08:23:13Z,2020-01-03T06:08:07Z,1868d840-32e1-45a0-aa46-a4a7933f0293
2019-12-10T05:33:40Z,2019-12-18T17:03:15Z,ca805a3d-4664-439a-83db-7dd900f0e595
2019-12-10T14:48:50Z,2019-12-18T04:27:43Z,f402fd99-34e0-4b3c-8189-69ea53d8dcf3
2019-12-10T12:32:25Z,2020-01-08T10:01:18Z,7348d493-0ca8-47e6-af81-1be6748db03f
2019-12-10T06:22:30Z,2019-12-18T06:44:16Z,8f397f0d-a3d1-4ba6-a6b8-ed0d4ca4e09b
2019-12-11T06:48:39Z,2019-12-17T07:30:30Z,371901ef-3b3c-4bdf-9ac2-a03a92ad5ef5
2019-12-11T15:00:18Z,2019-12-20T17:02:15Z,8e8132d4-1a7c-41a3-88dd-9eddb4a3ab13
2019-12-11T08:18:18Z,2019-12-18T05:30:00Z,a9631b58-1839-4a0a-9e4f-fc44e230d824
2019-12-11T23:29:45Z,2019-12-19T07:01:29Z,3c882882-2b9b-48d5-adbc-59b29b32b8a1
2019-12-11T23:43:14Z,2019-12-17T16:54:30Z,f68bf590-b538-4608-ad53-37030ba9932e
2019-12-12T16:49:25Z,2020-01-03T08:51:17Z,93e0b48c-5a58-41c7-912a-a85aa1c847ad
2019-12-12T07:10:30Z,2019-12-22T19:45:44Z,8f93b1b6-ea31-4fb5-8f4f-b5d09ed603e9
2019-12-12T18:23:12Z,2019-12-22T04:44:17Z,b9f51acf-2c26-4943-a5a9-b80ee5119c3a
2019-12-12T18:47:40Z,2019-12-22T08:30:55Z,112b4842-614d-4d87-919c-5e7f09400b65
2019-12-12T16:16:49Z,2019-12-20T07:24:44Z,61943c52-09cb-47f1-aaf2-59e7b1ec333d
2019-12-12T20:21:04Z,2019-12-18T06:21:34Z,694d8e38-5d38-4f63-9496-1e0290b75576
2019-12-12T12:13:22Z,2019-12-21T17:39:47Z,849e0972-c069-487d-97ed-893c6969b16f
2019-12-13T07:00:24Z,2019-12-19T05:31:15Z,7a5f84b6-9e2a-40eb-9064-d1c7a6a8f896
2019-12-13T08:34:27Z,2019-12-21T05:05:36Z,6625e532-67f2-44a1-b3d8-98ebb1ed5634
2019-12-13T06:31:39Z,2019-12-18T06:12:28Z,a13dfd13-24ab-4870-a462-5ff18698216a
2019-12-13T07:43:42Z,2019-12-20T06:55:39Z,0300e6d0-f6eb-4e23-b0d6-db3abff04a1b
2019-12-13T05:37:42Z,2019-12-18T22:13:32Z,0381bec3-70a4-4a94-afea-2e51f6986c6a
2019-12-13T10:40:43Z,2019-12-18T05:38:13Z,aae5704e-5738-4e94-9ff8-ca3a302fa598
2019-12-13T18:49:37Z,2019-12-20T19:48:05Z,a2a79624-3f37-4eeb-99f7-05427bc547c3
2019-12-13T17:06:39Z,2019-12-18T12:36:01Z,60d207b1-ce67-40b8-9090-0e482d88a55b
2019-12-14T18:09:41Z,2019-12-22T06:51:19Z,0a7fd8ae-722d-4c84-ad5b-2f8faca957e2
2019-12-14T17:15:23Z,2019-12-20T11:20:21Z,61887611-186d-45a5-9d8a-662679bc193e
2019-12-14T12:39:00Z,2019-12-20T05:37:58Z,9199f0f0-f365-40c9-ada0-e391dbd5f5ce
2019-12-14T11:33:14Z,2019-12-20T16:19:15Z,d0d304d3-9cd8-454f-b739-9ef61ada2a60
2019-12-14T00:47:56Z,2019-12-20T19:57:19Z,315d3ae0-1c91-4f9d-b09f-0172dfbb75bb
2019-12-14T16:22:49Z,2019-12-20T16:07:00Z,e2e55fd2-7f36-4493-8cea-c0130c3aa909
2019-12-14T08:02:34Z,2019-12-21T08:06:33Z,f0dea994-a591-4ae3-812c-1b981b0f5eed
2019-12-15T17:31:41Z,2019-12-20T06:49:14Z,43611cf3-ccff-48e7-b224-3c78c7ee033d
2019-12-15T09:08:46Z,2019-12-25T06:35:34Z,fdd3656a-1b23-4e57-bec5-4188a48a7c1b
2019-12-15T15:56:49Z,2019-12-29T07:45:24Z,04fbd327-9bd7-4e9b-9d61-64f9a41107e7
2019-12-15T11:25:40Z,2019-12-24T20:29:51Z,26cc2d47-2e6a-4412-a41b-204ec8774e43
2019-12-15T20:50:19Z,2019-12-26T06:03:42Z,2f6c760a-b69a-4519-adba-143d3f1b85a1
2019-12-17T16:01:24Z,2019-12-27T07:32:18Z,53835860-4882-4acf-8868-9bdefce165b6
2019-12-17T08:29:51Z,2019-12-26T13:27:34Z,8c0a53d2-cfaa-441e-ad22-23c2b832fd47
2019-12-17T07:11:09Z,2019-12-24T09:50:42Z,efd48044-2940-45d6-b9f1-c56bee8016d2
2019-12-17T17:39:35Z,2019-12-25T07:40:50Z,e46a78d8-9995-49ee-a684-24c4ff4b2ae2
2019-12-17T07:42:57Z,2019-12-28T16:24:50Z,cc28c36b-48ed-4018-b0cc-b0e45b603b0e
2019-12-18T15:12:02Z,2019-12-27T05:03:16Z,2356513a-b069-4a50-aac9-b7cac38be46f
2019-12-18T08:02:29Z,2019-12-24T09:30:14Z,2b11644f-9a2b-4c7c-a6bf-df3b25d236c7
2019-12-18T05:03:40Z,2019-12-27T08:24:45Z,5bb0cce8-f8a3-4fd3-a23c-4e4594230a76
2019-12-18T20:48:39Z,2019-12-26T18:03:59Z,7b0772b0-eeee-4432-9983-eeb561f6ad8c
2019-12-18T15:30:24Z,2019-12-25T13:01:14Z,75147a24-109a-498a-adad-713e2379124d
2019-12-18T18:29:54Z,2019-12-28T06:24:19Z,9ecec08f-13d8-446c-9216-0efcbba25518
2019-12-19T16:29:47Z,2019-12-29T00:25:13Z,991823cb-eb96-492e-b1ef-70701b794c3d
2019-12-19T07:56:05Z,2020-01-17T10:08:04Z,e4975efd-362b-4619-8801-ba41d29b9409
2019-12-19T08:02:27Z,2019-12-24T06:10:27Z,4b2b4f86-70d5-4e08-a638-656d39928661
2019-12-19T16:29:15Z,2019-12-26T08:45:24Z,39e157b4-34c6-4e44-b53b-46de63afacf2
2019-12-19T06:55:26Z,2019-12-25T16:05:05Z,bce436ad-d5d0-4a7f-b530-c39948bbabe5
2019-12-19T17:05:34Z,2019-12-28T10:58:06Z,2d005bef-6efb-43f0-9de6-ebecffc5796f
2019-12-20T18:35:37Z,2019-12-27T20:37:28Z,58a28315-1b16-40f4-abb2-24472045666a
2019-12-20T07:37:18Z,2020-01-02T07:13:03Z,d1f93f03-2025-4513-b744-14ec2c198115
2019-12-20T14:36:27Z,2019-12-25T07:13:09Z,b916eac0-ca55-48cf-8ced-53df898b6c60
2019-12-20T15:09:19Z,2019-12-26T06:57:48Z,6775ed30-8c2f-4a6d-9ed3-e93239a7adee
2019-12-21T15:00:23Z,2019-12-29T18:47:01Z,2087caa8-b536-40ce-a5c0-232469d42a56
2019-12-21T19:36:02Z,2019-12-28T07:06:15Z,b6597d2c-3cac-4ac8-87b4-9a2bc5959ca9
2019-12-21T06:48:25Z,2019-12-26T15:19:02Z,a45361f1-6131-4253-bc78-57656dcb4c7e
2019-12-21T11:18:33Z,2019-12-27T14:03:16Z,edacf160-f195-4475-80e1-ed648f7156ff
2019-12-21T18:18:19Z,2019-12-31T19:39:04Z,caa25a0f-5e4e-414b-acf2-423170b4ed93
2019-12-21T09:41:47Z,2019-12-27T15:38:23Z,9c96f218-52eb-4a69-806b-c005ff05ae86
2019-12-21T08:10:55Z,2019-12-27T17:01:50Z,8bcfd2d4-06f6-40ae-aaec-73f4e3799e10
2019-12-21T20:12:52Z,2019-12-29T09:03:50Z,194a4f78-9523-4412-81e6-815a19d025a5
2019-12-21T17:18:42Z,2020-01-01T15:01:30Z,2e9a864c-dada-44dc-b77a-49e20e4e20aa
2019-12-22T23:39:44Z,2020-01-01T11:33:42Z,537c41f6-d2b0-43b1-8cd9-d5952d1b628d
2019-12-22T05:24:14Z,2019-12-31T20:38:10Z,a6fdbe37-b572-41a1-8f58-491ec96c1eb7
2019-12-22T08:59:37Z,2019-12-29T17:36:38Z,acb0e93e-6a5e-40c9-899d-3ca6f98f86a1
2019-12-22T07:14:50Z,2020-01-01T14:27:35Z,e3363c76-4fa9-4f93-91f3-00e383f3eb83
2019-12-22T15:25:39Z,2019-12-31T15:54:47Z,1329748e-01b9-4a6c-85c6-6168a8aa13c1
2019-12-22T14:38:53Z,2020-01-02T09:14:20Z,a52fdcf7-a8d5-4671-84cf-6f7de1f904f2
2019-12-22T17:12:44Z,2020-01-03T18:15:31Z,f72a4a98-74bf-4ece-90f0-675c0d96281c
2019-12-22T09:37:55Z,2019-12-31T11:52:34Z,61527fab-740d-4693-885e-8234df542f9a
2019-12-22T18:10:37Z,2019-12-31T16:05:01Z,21037060-cf4e-44a3-adca-580bcae9a8a4
2019-12-24T17:00:40Z,2020-01-01T14:32:29Z,40f4a02b-be60-40b2-81bd-ac95c43af96c
2019-12-24T11:34:14Z,2020-01-02T18:56:22Z,f5b927fd-f6d2-48ef-8f96-ec706653d1f7
2019-12-24T11:57:08Z,2020-01-03T08:09:37Z,8db7c714-0bb3-4d54-afe2-1e4299573cd6
2019-12-24T10:54:30Z,2019-12-31T16:31:05Z,d199ad0c-ba30-4ecd-a299-602f485db464
2019-12-24T04:24:05Z,2020-01-01T20:14:23Z,2bc9eb85-6595-4857-ad23-9bfac512d030
2019-12-24T20:44:39Z,2020-01-01T15:14:35Z,824498cf-8a11-42cd-81e0-258e0d655a7b
2019-12-25T17:32:45Z,2020-01-02T18:37:40Z,fc466fdc-a5a3-4c3d-9a8a-89de540d6e6d
2019-12-25T07:54:20Z,2020-01-01T17:40:56Z,38d2fc70-2abb-4308-a183-42e939cd813b
2019-12-25T12:32:30Z,2020-01-05T18:26:19Z,f16d890e-a563-4a55-8752-c36048bc9847
2019-12-25T17:04:56Z,2020-01-02T10:53:48Z,c8ca93d1-91d0-4313-93a2-e56cf102f5bd
2019-12-25T20:36:54Z,2020-01-13T08:03:43Z,dc6b83a8-d606-41a4-bada-ee5815510cc8
2019-12-26T07:17:23Z,2020-01-03T17:20:33Z,b69aa6c1-4272-41a8-9098-1a944c591921
2019-12-26T10:20:01Z,2020-01-06T17:58:27Z,d51b9d58-c25a-49ee-8f2a-678bce05472c
2019-12-26T17:38:12Z,2020-01-03T11:39:59Z,94dec9b8-0246-4722-b87d-73ed0cc1ebe0
2019-12-26T15:48:47Z,2020-01-02T07:46:01Z,78116003-0214-4248-9682-bfaa31cbaa1c
2019-12-26T19:44:43Z,2020-01-04T17:10:10Z,201d78aa-7d58-4b3f-85c7-8e0c8fd6e2e1
2019-12-26T18:22:33Z,2020-01-06T07:42:11Z,416d0298-ccb1-4a23-adcb-ba8574f6d1b3
2019-12-26T07:06:10Z,2020-01-02T20:19:09Z,9c53a38d-a862-4c7e-b6bd-fc6089bc5e48
2019-12-26T05:44:04Z,2020-01-03T05:34:11Z,4106bce4-2218-4398-9327-f093efa25e9c
2019-12-27T09:49:58Z,2020-01-04T18:06:38Z,9cfb7190-e24b-4de5-917a-fa9133d8088f
2019-12-27T17:16:37Z,2020-01-01T20:48:23Z,ca0eb7c9-7820-4267-b2ee-7ef320e28ee8
2019-12-27T09:29:10Z,2020-01-02T09:47:30Z,1c13069a-0529-4540-b824-b166f3d62a5f
2019-12-27T13:22:15Z,2020-01-04T19:25:36Z,2bba0a3a-8880-4935-bea9-bcdadc09da25
2019-12-27T15:30:44Z,2020-01-05T07:50:31Z,79c0485c-f3fe-471b-b112-4bd9f55f8f18
2019-12-27T13:18:27Z,2020-01-05T23:58:41Z,45e740fd-e77e-4ec0-9cd2-6734430c01dc
2019-12-28T19:25:56Z,2020-01-02T08:10:00Z,5d8121c8-b9ba-4bc8-bca5-e1d5dc4fbd47
2019-12-28T04:09:10Z,2020-01-04T19:05:55Z,3f09a950-543e-404b-8de7-ca8546bd97e7
2019-12-28T09:54:34Z,2020-01-06T06:00:56Z,c099b9da-d7e7-4b5d-8ce7-a0bd9939ed0d
2019-12-28T09:50:07Z,2020-01-03T09:19:25Z,5fcfda61-0b89-46b1-aabc-90953da6268c
2019-12-28T18:55:51Z,2020-01-06T08:36:41Z,9e58dd1b-991c-41f5-a7e4-f24db8f7b6c3
2019-12-28T06:30:33Z,2020-01-03T05:41:39Z,94bf1c1f-617b-4f83-9172-7bffcded4ab7
2019-12-28T17:41:29Z,2020-01-02T08:30:23Z,328157f6-0d8c-4c4f-abef-ea9730d8d6e7
2019-12-28T05:42:16Z,2020-01-05T12:43:19Z,4e61de78-b485-4b46-94fc-fd2062ec2769
2019-12-28T07:18:37Z,2020-01-02T04:17:37Z,30c16bdd-9bc8-4708-9d6f-c7363dfefcc7
2019-12-28T18:45:04Z,2020-01-04T05:38:19Z,de39d889-2fbc-4e0e-b8fd-41eef52a5370
2019-12-29T07:03:08Z,2020-01-03T17:07:11Z,4cefd786-a75d-4f3e-aa6f-800bbf523617
2019-12-29T10:08:37Z,2020-01-05T17:22:43Z,c94a1366-fe7a-4cee-bf35-62df934b452e
2019-12-29T07:24:48Z,2020-01-06T07:07:42Z,68d03cbc-d524-4bac-ba74-5f75491271db
2019-12-29T07:11:30Z,2020-01-24T07:31:29Z,50890366-2b68-403c-9dc6-ad119b6546e0
2019-12-29T17:55:28Z,2020-01-06T04:50:07Z,7a371a45-4b00-465e-b47f-6002b9912171
2019-12-29T17:33:25Z,2020-01-03T09:36:46Z,87702949-188e-4cb7-989f-6c55b8838c0a
2019-12-29T18:27:37Z,2020-01-02T16:17:32Z,ba42338c-3fef-403a-b32c-fe8213772f0b
2019-12-29T12:08:34Z,2020-01-05T05:42:51Z,f4ade731-41e9-4acc-aa35-4a207be3aa4c
2019-12-29T05:51:56Z,2020-01-06T16:15:40Z,5065b8b2-b950-4fd5-9831-2f7a767cf343
2019-12-31T04:42:45Z,2020-01-05T04:16:21Z,4276f4b2-fe94-4986-807f-176bff27bcf1
2019-12-31T07:40:23Z,2020-01-08T10:53:58Z,5ef51d0c-c575-493b-b265-9e882b11c35a
2019-12-31T19:03:08Z,2020-01-09T16:27:09Z,fbe095a9-8f06-478e-9a33-00a5735ad6ef
2019-12-31T09:44:16Z,2020-01-05T19:02:19Z,a9acb6a2-e2b8-4394-a130-bc214b9761c6
2019-12-31T18:51:43Z,2020-01-05T15:03:05Z,b77d3f50-ae9b-4c57-ab41-c16eabdba6b8
2019-12-31T08:23:58Z,2020-01-06T17:30:23Z,fb2c294b-8177-48a2-958d-447ef6f5b007
2019-12-31T09:54:49Z,2020-01-06T09:50:16Z,22150dbf-1e17-4e5a-b2eb-3ca4e7836d9d
2019-12-31T16:52:30Z,2020-01-06T09:31:08Z,66f46f65-6f73-40e2-8185-92fd311501c4
2019-12-31T18:25:59Z,2020-01-06T18:24:10Z,8b608c72-0136-4757-abe0-d83982df76a9
