DEPOSIT,RETRIEVAL,ID,ORDER_DEPOSIT,ORDER_RETRIEVAL
2021-01-01T17:27:17Z,2021-02-04T21:49:27Z,1,2020-12-30T04:19:51Z,2021-02-01T02:20:06Z
2021-01-01T06:41:49Z,2021-01-01T22:23:50Z,2,2020-12-29T15:26:11Z,2020-12-29T15:26:11Z
2021-01-01T00:43:40Z,2021-01-01T11:22:26Z,3,2020-12-30T01:42:41Z,2020-12-30T01:42:41Z
2021-01-01T17:31:27Z,2021-01-11T16:22:46Z,4,2020-12-29T16:04:57Z,2020-12-29T16:04:57Z
2021-01-01T19:44:14Z,2021-01-15T15:27:55Z,5,2020-12-30T22:42:35Z,2021-01-01T00:00:46Z
2021-01-01T18:57:06Z,2021-01-07T14:41:48Z,6,2020-12-30T21:40:02Z,2020-12-30T21:40:02Z
2021-01-02T04:46:00Z,2021-01-11T16:34:35Z,7,2020-12-31T01:46:35Z,2021-01-01T01:48:50Z
2021-01-02T13:00:49Z,2021-01-11T22:12:08Z,8,2020-12-31T01:27:03Z,2020-12-31T01:27:03Z
2021-01-02T14:26:23Z,2021-01-14T06:50:29Z,9,2021-01-02T01:41:12Z,2021-01-02T01:41:12Z
2021-01-02T17:21:13Z,2021-01-26T13:50:43Z,10,2021-01-01T03:08:39Z,2021-01-20T18:59:51Z
2021-01-02T10:28:44Z,2021-01-15T06:19:14Z,11,2020-12-29T14:15:45Z,2021-01-02T00:57:44Z
2021-01-02T20:42:20Z,2021-01-12T13:09:52Z,12,2020-12-30T08:59:29Z,2020-12-30T08:59:29Z
2021-01-02T18:42:53Z,2021-01-10T15:22:52Z,13,2020-12-31T01:03:59Z,2020-12-31T01:03:59Z
2021-01-02T07:20:30Z,2021-01-15T22:58:08Z,14,2020-12-30T13:14:51Z,2020-12-30T13:14:51Z
2021-01-02T15:32:23Z,2021-01-16T13:18:17Z,15,2020-12-30T01:52:27Z,2021-01-07T10:59:20Z
2021-01-02T19:17:44Z,2021-01-02T22:30:19Z,16,2020-12-31T08:36:38Z,2020-12-31T08:36:38Z
2021-01-02T15:34:03Z,2021-01-02T22:38:14Z,17,2020-12-30T13:55:24Z,2020-12-30T13:55:24Z
2021-01-04T16:56:18Z,2021-01-04T22:31:08Z,18,2021-01-02T13:33:55Z,2021-01-02T13:33:55Z
2021-01-04T07:16:41Z,2021-01-13T23:35:30Z,19,2021-01-03T04:41:15Z,2021-01-04T19:42:14Z
2021-01-04T11:49:49Z,2021-01-07T21:30:53Z,20,2021-01-02T17:40:50Z,2021-01-02T17:40:50Z
2021-01-04T18:13:39Z,2021-01-25T14:11:49Z,21,2021-01-01T14:11:50Z,2021-01-24T13:42:16Z
2021-01-04T17:10:42Z,2021-01-14T16:07:16Z,22,2021-01-01T20:27:32Z,2021-01-13T17:52:44Z
2021-01-04T07:36:48Z,2021-01-16T05:21:11Z,23,2021-01-02T22:45:58Z,2021-01-15T22:26:40Z
2021-01-05T08:50:37Z,2021-01-07T22:51:28Z,24,2021-01-03T16:10:08Z,2021-01-03T16:10:08Z
2021-01-05T18:22:22Z,2021-01-25T13:00:22Z,25,2021-01-02T08:32:31Z,2021-01-03T22:04:11Z
2021-01-05T16:36:38Z,2021-01-05T21:15:16Z,26,2021-01-02T05:31:55Z,2021-01-02T05:31:55Z
2021-01-05T07:23:23Z,2021-01-19T14:44:04Z,27,2021-01-02T04:33:52Z,2021-01-03T09:59:56Z
2021-01-05T17:39:02Z,2021-01-13T20:24:09Z,28,2021-01-04T14:48:21Z,2021-01-04T14:48:21Z
2021-01-05T08:46:59Z,2021-01-09T20:30:01Z,29,2021-01-03T14:15:12Z,2021-01-03T14:15:12Z
2021-01-05T08:09:33Z,2021-01-10T10:57:08Z,30,2021-01-04T00:30:46Z,2021-01-04T00:30:46Z
2021-01-05T16:27:16Z,2021-01-16T06:09:49Z,31,2021-01-03T09:28:59Z,2021-01-03T13:04:23Z
2021-01-05T06:02:10Z,2021-01-05T14:57:01Z,32,2021-01-03T14:29:16Z,2021-01-03T14:29:16Z
2021-01-05T14:18:00Z,2021-01-13T09:48:11Z,33,2021-01-02T16:00:06Z,2021-01-02T16:00:06Z
2021-01-06T11:34:17Z,2021-01-20T17:02:45Z,34,2021-01-05T15:27:52Z,2021-01-09T17:07:53Z
2021-01-06T10:10:09Z,2021-01-06T19:11:49Z,35,2021-01-04T20:22:56Z,2021-01-04T20:22:56Z
2021-01-06T06:46:19Z,2021-01-17T22:50:43Z,36,2021-01-05T01:42:36Z,2021-01-07T17:30:47Z
2021-01-06T19:02:25Z,2021-01-16T13:05:33Z,37,2021-01-04T22:25:37Z,2021-01-05T13:10:06Z
2021-01-06T09:41:45Z,2021-01-08T12:28:35Z,38,2021-01-03T23:41:09Z,2021-01-03T23:41:09Z
2021-01-07T09:52:47Z,2021-01-26T04:08:12Z,39,2021-01-05T02:36:24Z,2021-01-18T12:20:14Z
2021-01-07T20:48:47Z,2021-01-12T19:24:18Z,40,2021-01-07T20:48:47Z,2021-01-07T20:48:47Z
2021-01-08T17:10:43Z,2021-01-14T12:20:22Z,41,2021-01-06T12:48:58Z,2021-01-06T12:48:58Z
2021-01-08T04:36:38Z,2021-01-29T00:49:48Z,42,2021-01-07T07:58:51Z,2021-01-16T22:59:40Z
2021-01-09T05:20:55Z,2021-01-19T19:30:09Z,43,2021-01-08T07:57:51Z,2021-01-08T07:57:51Z
2021-01-09T20:07:34Z,2021-01-21T13:02:29Z,44,2021-01-08T16:30:51Z,2021-01-12T18:31:44Z
2021-01-09T07:02:09Z,2021-01-13T13:31:30Z,45,2021-01-07T17:29:16Z,2021-01-07T17:29:16Z
2021-01-09T06:04:16Z,2021-01-09T14:31:05Z,46,2021-01-06T17:27:08Z,2021-01-06T17:27:08Z
2021-01-09T05:53:56Z,2021-02-11T07:28:42Z,47,2021-01-09T05:53:56Z,2021-01-22T23:45:32Z
2021-01-09T17:55:38Z,2021-01-17T21:17:32Z,48,2021-01-06T22:58:09Z,2021-01-06T22:58:09Z
2021-01-10T06:49:31Z,2021-01-10T19:15:04Z,49,2021-01-08T01:47:38Z,2021-01-08T01:47:38Z
2021-01-10T19:35:14Z,2021-01-14T18:25:49Z,50,2021-01-08T09:58:07Z,2021-01-14T18:25:49Z
2021-01-10T10:59:20Z,2021-01-10T14:08:23Z,51,2021-01-08T11:48:15Z,2021-01-08T11:48:15Z
2021-01-10T07:28:26Z,2021-01-10T16:31:46Z,52,2021-01-08T16:05:13Z,2021-01-09T04:53:02Z
2021-01-10T18:17:46Z,2021-01-31T12:24:53Z,53,2021-01-07T18:06:37Z,2021-01-17T01:38:57Z
2021-01-10T15:44:52Z,2021-01-26T20:48:06Z,54,2021-01-09T14:58:55Z,2021-01-09T14:58:55Z
2021-01-11T15:49:36Z,2021-01-12T06:16:26Z,55,2021-01-10T04:33:41Z,2021-01-10T04:33:41Z
2021-01-11T06:42:19Z,2021-01-11T16:10:47Z,56,2021-01-10T00:17:26Z,2021-01-10T00:17:26Z
2021-01-11T07:56:46Z,2021-01-21T18:39:06Z,57,2021-01-08T12:57:27Z,2021-01-15T00:08:53Z
2021-01-11T06:05:12Z,2021-01-11T23:36:51Z,58,2021-01-10T06:28:14Z,2021-01-11T23:36:51Z
2021-01-11T18:38:51Z,2021-01-26T12:28:58Z,59,2021-01-09T07:51:03Z,2021-01-09T07:51:03Z
2021-01-11T17:00:35Z,2021-01-12T09:46:40Z,60,2021-01-09T16:49:19Z,2021-01-09T16:49:19Z
2021-01-11T06:31:23Z,2021-01-15T22:09:31Z,61,2021-01-09T05:17:54Z,2021-01-09T05:17:54Z
2021-01-11T08:37:07Z,2021-01-21T22:28:51Z,62,2021-01-08T08:23:53Z,2021-01-20T00:27:36Z
2021-01-12T16:41:00Z,2021-01-22T06:10:34Z,63,2021-01-10T16:02:23Z,2021-01-13T17:13:49Z
2021-01-13T05:49:16Z,2021-01-13T07:23:44Z,64,2021-01-10T17:45:21Z,2021-01-10T17:45:21Z
2021-01-13T23:00:04Z,2021-01-26T18:09:12Z,65,2021-01-13T23:00:04Z,2021-01-22T18:36:04Z
2021-01-13T10:47:22Z,2021-01-31T21:29:34Z,66,2021-01-13T04:14:03Z,2021-01-31T13:43:56Z
2021-01-13T17:40:43Z,2021-02-04T22:34:38Z,67,2021-01-10T22:19:06Z,2021-01-26T18:04:27Z
2021-01-13T18:09:19Z,2021-01-20T14:34:10Z,68,2021-01-12T17:39:52Z,2021-01-12T17:39:52Z
2021-01-13T09:34:00Z,2021-01-21T21:49:58Z,69,2021-01-10T21:12:58Z,2021-01-21T21:49:58Z
2021-01-13T08:41:09Z,2021-01-30T22:08:43Z,70,2021-01-10T00:53:14Z,2021-01-21T20:56:56Z
2021-01-14T15:48:42Z,2021-01-21T05:54:13Z,71,2021-01-13T01:01:36Z,2021-01-13T01:01:36Z
2021-01-14T16:04:15Z,2021-02-05T12:13:18Z,72,2021-01-13T05:12:51Z,2021-01-26T03:19:22Z
2021-01-14T12:53:33Z,2021-01-14T22:26:23Z,73,2021-01-12T03:31:12Z,2021-01-12T03:31:12Z
2021-01-14T15:42:26Z,2021-01-21T09:01:54Z,74,2021-01-12T12:55:02Z,2021-01-12T12:55:02Z
2021-01-14T16:18:28Z,2021-02-04T20:22:56Z,75,2021-01-12T15:53:47Z,2021-01-21T01:02:48Z
2021-01-14T10:02:47Z,2021-02-10T07:15:09Z,76,2021-01-09T20:19:12Z,2021-01-21T15:08:27Z
2021-01-14T18:39:14Z,2021-01-24T13:12:36Z,77,2021-01-13T08:24:16Z,2021-01-13T08:24:16Z
2021-01-15T08:46:33Z,2021-01-22T11:21:25Z,78,2021-01-12T17:10:28Z,2021-01-18T07:49:20Z
2021-01-15T11:12:35Z,2021-01-29T14:00:25Z,79,2021-01-14T23:52:31Z,2021-01-23T02:50:04Z
2021-01-15T05:25:06Z,2021-01-22T04:43:31Z,80,2021-01-11T10:14:21Z,2021-01-15T06:29:58Z
2021-01-15T10:54:43Z,2021-01-19T16:40:54Z,81,2021-01-13T18:26:37Z,2021-01-13T18:26:37Z
2021-01-16T08:42:12Z,2021-01-22T18:50:29Z,82,2021-01-12T21:06:54Z,2021-01-19T08:46:30Z
2021-01-16T13:01:51Z,2021-01-20T15:40:07Z,83,2021-01-13T21:04:24Z,2021-01-13T21:04:24Z
2021-01-16T19:15:45Z,2021-01-16T20:38:34Z,84,2021-01-13T12:55:49Z,2021-01-13T12:55:49Z
2021-01-16T09:05:53Z,2021-02-09T13:49:37Z,85,2021-01-14T02:01:48Z,2021-01-21T08:32:26Z
2021-01-16T22:57:34Z,2021-01-29T14:24:06Z,86,2021-01-15T18:49:37Z,2021-01-15T18:49:37Z
2021-01-16T07:33:37Z,2021-02-13T14:01:48Z,87,2021-01-15T07:34:04Z,2021-01-21T23:27:17Z
2021-01-16T12:02:22Z,2021-02-04T13:53:45Z,88,2021-01-14T14:59:53Z,2021-02-01T19:24:31Z
2021-01-16T06:59:40Z,2021-01-16T12:07:57Z,89,2021-01-15T00:07:49Z,2021-01-15T00:07:49Z
2021-01-16T07:47:45Z,2021-01-16T12:08:05Z,90,2021-01-14T08:04:27Z,2021-01-14T08:04:27Z
2021-01-16T18:38:51Z,2021-02-13T13:04:45Z,91,2021-01-15T08:02:12Z,2021-01-26T03:56:42Z
2021-01-16T06:56:26Z,2021-01-21T13:13:45Z,92,2021-01-14T17:39:31Z,2021-01-14T17:39:31Z
2021-01-16T17:46:21Z,2021-01-23T13:24:14Z,93,2021-01-16T10:52:49Z,2021-01-16T10:52:49Z
2021-01-16T15:19:42Z,2021-01-27T04:14:58Z,94,2021-01-14T13:20:42Z,2021-01-14T13:20:42Z
2021-01-16T09:09:46Z,2021-02-14T16:32:46Z,95,2021-01-14T16:06:03Z,2021-02-01T09:08:40Z
2021-01-16T08:07:34Z,2021-02-03T06:25:25Z,96,2021-01-14T08:57:30Z,2021-01-24T02:42:16Z
2021-01-17T07:04:01Z,2021-01-31T18:10:37Z,97,2021-01-15T19:37:08Z,2021-01-18T02:11:21Z
2021-01-17T07:10:38Z,2021-02-02T06:44:02Z,98,2021-01-14T08:15:33Z,2021-01-14T08:15:33Z
2021-01-17T09:12:14Z,2021-02-13T22:03:47Z,99,2021-01-15T17:04:48Z,2021-01-29T09:14:59Z
2021-01-17T08:50:01Z,2021-02-02T22:35:24Z,100,2021-01-14T11:43:08Z,2021-01-21T20:41:10Z
2021-01-17T16:26:23Z,2021-01-29T04:16:24Z,101,2021-01-15T18:49:54Z,2021-01-15T18:49:54Z
2021-01-17T07:28:09Z,2021-01-22T19:30:06Z,102,2021-01-12T23:46:21Z,2021-01-13T04:53:47Z
2021-01-17T22:55:57Z,2021-01-23T22:44:28Z,103,2021-01-15T13:24:39Z,2021-01-15T13:24:39Z
2021-01-19T07:16:19Z,2021-02-15T22:57:20Z,104,2021-01-17T22:47:19Z,2021-01-30T11:10:02Z
2021-01-19T09:59:45Z,2021-02-09T13:57:55Z,105,2021-01-16T14:30:15Z,2021-01-30T00:02:59Z
2021-01-19T06:16:49Z,2021-01-31T07:52:46Z,106,2021-01-18T11:34:02Z,2021-01-22T22:29:48Z
2021-01-19T07:08:16Z,2021-02-05T17:34:46Z,107,2021-01-16T21:29:26Z,2021-01-28T14:20:45Z
2021-01-19T15:36:37Z,2021-01-27T06:41:27Z,108,2021-01-19T15:36:37Z,2021-01-19T15:36:37Z
2021-01-19T07:48:26Z,2021-01-25T04:17:04Z,109,2021-01-14T23:04:08Z,2021-01-14T23:04:08Z
2021-01-19T07:03:54Z,2021-02-05T16:40:30Z,110,2021-01-17T07:44:20Z,2021-01-30T10:06:20Z
2021-01-19T05:55:37Z,2021-01-21T08:21:00Z,111,2021-01-17T02:26:28Z,2021-01-17T02:26:28Z
2021-01-20T09:49:36Z,2021-02-07T14:26:11Z,112,2021-01-17T00:19:58Z,2021-01-24T06:20:25Z
2021-01-20T09:44:41Z,2021-01-27T13:14:36Z,113,2021-01-18T01:58:19Z,2021-01-18T01:58:19Z
2021-01-20T17:14:52Z,2021-02-01T04:35:14Z,114,2021-01-19T16:40:54Z,2021-01-19T16:40:54Z
2021-01-20T19:35:44Z,2021-01-20T22:33:53Z,115,2021-01-17T03:19:42Z,2021-01-17T03:19:42Z
2021-01-20T15:08:37Z,2021-01-24T22:56:59Z,116,2021-01-16T19:16:04Z,2021-01-16T19:16:04Z
2021-01-21T08:42:47Z,2021-02-05T16:35:11Z,117,2021-01-21T05:29:28Z,2021-01-29T21:46:17Z
2021-01-21T17:31:03Z,2021-01-28T12:00:56Z,118,2021-01-20T21:30:41Z,2021-01-20T21:30:41Z
2021-01-21T08:57:36Z,2021-02-04T06:49:29Z,119,2021-01-19T08:24:07Z,2021-01-28T10:37:28Z
2021-01-21T16:36:38Z,2021-02-09T06:38:42Z,120,2021-01-18T11:16:20Z,2021-02-02T06:27:01Z
2021-01-22T14:14:54Z,2021-02-09T07:36:09Z,121,2021-01-21T15:41:03Z,2021-01-27T03:10:39Z
2021-01-22T16:41:14Z,2021-02-07T10:57:29Z,122,2021-01-19T14:39:21Z,2021-01-31T01:37:52Z
2021-01-22T08:52:27Z,2021-02-07T12:50:16Z,123,2021-01-21T12:38:04Z,2021-01-21T12:38:04Z
2021-01-22T07:37:48Z,2021-01-29T14:14:33Z,124,2021-01-20T12:06:43Z,2021-01-21T22:41:03Z
2021-01-22T15:44:06Z,2021-01-24T21:49:04Z,125,2021-01-21T03:39:21Z,2021-01-21T03:39:21Z
2021-01-22T09:43:18Z,2021-01-29T14:12:55Z,126,2021-01-19T13:44:29Z,2021-01-19T13:44:29Z
2021-01-22T18:28:47Z,2021-02-19T14:42:13Z,127,2021-01-19T08:58:51Z,2021-02-04T22:47:30Z
2021-01-23T08:57:49Z,2021-02-21T05:08:21Z,128,2021-01-19T16:49:37Z,2021-02-17T12:24:50Z
2021-01-23T10:29:55Z,2021-02-02T09:34:27Z,129,2021-01-18T21:22:30Z,2021-01-23T03:14:50Z
2021-01-23T05:11:51Z,2021-01-23T21:27:48Z,130,2021-01-21T13:14:40Z,2021-01-21T13:14:40Z
2021-01-23T17:50:43Z,2021-01-23T20:54:05Z,131,2021-01-22T17:56:46Z,2021-01-22T17:56:46Z
2021-01-23T17:47:36Z,2021-02-07T13:41:31Z,132,2021-01-22T00:02:18Z,2021-01-23T16:46:14Z
2021-01-25T07:51:52Z,2021-01-25T13:42:08Z,133,2021-01-25T00:19:38Z,2021-01-25T00:19:38Z
2021-01-25T07:05:48Z,2021-02-12T23:21:30Z,134,2021-01-24T18:07:14Z,2021-02-09T14:14:54Z
2021-01-25T07:05:41Z,2021-02-01T14:00:40Z,135,2021-01-24T19:13:37Z,2021-01-26T02:54:30Z
2021-01-25T00:00:47Z,2021-02-07T22:53:40Z,136,2021-01-23T05:53:57Z,2021-02-02T07:37:04Z
2021-01-25T07:37:15Z,2021-02-04T14:27:33Z,137,2021-01-23T22:18:19Z,2021-01-23T22:18:19Z
2021-01-25T17:18:38Z,2021-02-13T11:16:17Z,138,2021-01-23T21:32:12Z,2021-02-01T06:14:50Z
2021-01-25T05:10:45Z,2021-02-16T21:45:57Z,139,2021-01-25T05:10:45Z,2021-02-05T21:44:18Z
2021-01-25T15:30:01Z,2021-02-08T15:58:13Z,140,2021-01-23T13:31:27Z,2021-02-08T15:58:13Z
2021-01-26T09:17:32Z,2021-02-05T21:49:20Z,141,2021-01-23T20:04:43Z,2021-01-24T06:13:42Z
2021-01-26T20:59:36Z,2021-02-06T18:31:41Z,142,2021-01-25T19:37:01Z,2021-01-31T12:26:48Z
2021-01-26T07:27:33Z,2021-02-08T16:30:38Z,143,2021-01-26T07:27:33Z,2021-01-29T23:20:59Z
2021-01-26T09:41:59Z,2021-02-11T07:34:41Z,144,2021-01-24T03:38:58Z,2021-01-24T23:29:53Z
2021-01-26T07:10:18Z,2021-01-26T21:01:47Z,145,2021-01-23T11:41:40Z,2021-01-23T11:41:40Z
2021-01-26T21:45:53Z,2021-02-02T20:22:19Z,146,2021-01-25T00:53:34Z,2021-01-25T00:53:34Z
2021-01-26T09:23:50Z,2021-01-27T15:19:54Z,147,2021-01-25T05:36:53Z,2021-01-25T05:36:53Z
2021-01-26T12:37:22Z,2021-02-11T12:48:25Z,148,2021-01-24T18:01:10Z,2021-01-24T18:01:10Z
2021-01-27T16:08:43Z,2021-02-02T21:33:57Z,149,2021-01-25T13:52:27Z,2021-01-25T13:52:27Z
2021-01-27T17:19:28Z,2021-01-29T23:46:28Z,150,2021-01-25T03:11:26Z,2021-01-25T03:11:26Z
2021-01-27T12:54:38Z,2021-02-08T21:23:36Z,151,2021-01-24T19:29:27Z,2021-02-03T19:36:40Z
2021-01-27T12:21:18Z,2021-01-30T13:56:34Z,152,2021-01-24T10:00:40Z,2021-01-24T10:00:40Z
2021-01-28T10:58:13Z,2021-01-28T17:27:21Z,153,2021-01-26T05:30:36Z,2021-01-26T05:30:36Z
2021-01-28T08:56:58Z,2021-01-28T12:18:42Z,154,2021-01-26T23:02:29Z,2021-01-26T23:02:29Z
2021-01-28T07:25:33Z,2021-02-04T22:20:00Z,155,2021-01-26T06:11:35Z,2021-01-30T23:11:50Z
2021-01-28T19:03:07Z,2021-01-28T21:40:22Z,156,2021-01-28T10:19:16Z,2021-01-28T10:19:16Z
2021-01-28T05:57:06Z,2021-02-19T20:07:54Z,157,2021-01-26T16:29:45Z,2021-02-16T18:34:54Z
2021-01-28T05:34:12Z,2021-01-31T23:39:36Z,158,2021-01-26T10:34:42Z,2021-01-26T10:34:42Z
2021-01-28T09:23:00Z,2021-01-30T07:33:07Z,159,2021-01-25T11:45:51Z,2021-01-25T11:45:51Z
2021-01-29T06:10:27Z,2021-02-11T12:27:01Z,160,2021-01-29T00:06:32Z,2021-01-29T00:06:32Z
2021-01-29T17:54:16Z,2021-02-09T15:26:35Z,161,2021-01-29T00:57:43Z,2021-01-29T00:57:43Z
2021-01-30T09:50:41Z,2021-01-30T12:48:58Z,162,2021-01-28T12:59:02Z,2021-01-28T12:59:02Z
2021-01-30T19:18:38Z,2021-02-14T15:24:22Z,163,2021-01-28T04:00:36Z,2021-02-06T23:27:02Z
2021-01-30T19:06:52Z,2021-02-09T15:39:39Z,164,2021-01-29T16:15:59Z,2021-02-05T05:05:57Z
2021-01-30T18:42:25Z,2021-02-06T21:36:50Z,165,2021-01-28T10:33:50Z,2021-02-02T08:20:47Z
2021-01-30T15:29:58Z,2021-01-31T18:55:04Z,166,2021-01-29T15:28:38Z,2021-01-29T15:28:38Z
2021-01-30T10:15:46Z,2021-02-20T12:54:31Z,167,2021-01-28T01:28:33Z,2021-02-09T23:47:33Z
2021-01-30T07:26:47Z,2021-02-11T05:10:53Z,168,2021-01-28T14:00:09Z,2021-01-28T14:00:09Z
2021-01-30T14:29:40Z,2021-02-07T16:14:52Z,169,2021-01-28T22:49:35Z,2021-01-28T22:49:35Z
2021-01-30T06:58:44Z,2021-02-20T04:56:02Z,170,2021-01-26T16:04:34Z,2021-02-04T08:35:43Z
2021-01-30T09:24:25Z,2021-01-30T13:58:38Z,171,2021-01-27T14:40:19Z,2021-01-27T14:40:19Z
2021-01-30T15:16:03Z,2021-02-14T05:32:51Z,172,2021-01-29T18:14:10Z,2021-02-11T00:37:59Z
